,Family,rs2691065,11:82641157,rs10431163,rs10736758,rs10751082,rs10835194,rs1318423,rs2086298,rs2127363,rs2170010,rs3758803,rs7106519,rs7106981,rs7116170,rs76384282,rs7947047,rs7947363,rs1874309,rs206962,rs55894119,rs7136158,rs7957748,rs9593,rs1799943,rs1799955,rs2816736,rs77136548,rs9921024,rs16946952,rs1875233,rs3812955,rs718081,rs7197071,rs35306109,rs2411409,rs2604482,rs2919643,rs884545,rs10408143,rs7254457,rs8102600,rs10751768,rs11587434,rs2311859,rs3813795,rs6674129,rs6684903,rs7530353,rs141042944,rs12626593,rs16989710,rs7276997,rs149068240,rs5761857,rs10495786,rs116947984,rs3927971,rs6546191,rs72819762,rs73974034,rs10049135,rs1143671,rs1447826,rs17051772,rs17849995,rs3817672,rs55639070,rs62264176,rs10520510,rs17539368,rs2097769,rs309890,rs4695383,rs73030832,rs1008114,rs17097189,rs181328,rs1960477,rs72741294,rs72791070,rs76795332,rs12176131,rs146775538,rs145093227,rs3847055,rs13266653,rs1002420,rs4744122,rs755383,rs76704711,rs9411160
0,k__Bacteria;p__Fusobacteria;c__Fusobacteriia;o__Fusobacteriales;f__Fusobacteriaceae,0.003182,0.07769,0.07769,0.07769,0.07769,-0.002828,0.07769,0.07769,0.07769,0.07769,0.05003,0.07769,0.07769,0.07769,0.01457,0.07769,0.07769,-0.02198,0.02696,-0.06382,0.05213,-0.08629,-0.1001,0.02197,0.03502,-0.001064,0.2533,-0.01718,0.06786,-0.09292,-0.07755,-0.111,-0.07755,0.09347,-0.04993,0.07649,0.0239,-0.1493,0.06287,-0.1025,0.09796,-0.245,-0.2435,0.08466,0.06893,-0.05913,-0.1638,0.02987,0.1881,0.02036,0.06064,-0.1456,-0.07755,-0.07569,0.06799,-0.2347,0.1332,-0.02115,-0.07368,-0.03389,0.002436,0.0383,0.05766,-0.04569,-0.1068,-0.06433,-0.07481,-0.1849,-0.02988,-0.1566,0.05285,0.07082,0.05792,0.0627,0.09125,0.1156,-0.06051,0.141,0.0627,0.09125,-0.1271,-0.1246,0.2177,-0.07755,-0.09981,0.2179,0.1026,0.03545,0.01907,0.07949,0.2129
1,k__Bacteria;p__Bacteroidetes;c__Bacteroidia;o__Bacteroidales;f__Prevotellaceae,0.008963,0.2573,0.2573,0.2573,0.2573,-0.1897,0.2573,0.2573,0.2573,0.2573,-0.1315,0.2573,0.2573,0.2573,-0.08831,0.2573,0.2573,-0.06645,0.2678,0.3429,0.2761,-0.3071,-0.06017,0.08347,-0.02032,-0.1135,0.4467,-0.214,-0.3017,-0.03907,0.1976,-0.3554,0.1976,0.244,-0.1955,-0.0001864,0.09917,-0.1065,0.3702,-0.09795,0.2441,-0.09671,-0.2432,0.341,-0.149,-0.4839,-0.3775,-0.07961,0.5535,-0.5525,0.2351,-0.08068,0.1976,-0.1695,0.1736,-0.2464,0.2079,0.5623,-0.2318,-0.5299,-0.4732,-0.2339,0.1842,-0.4031,0.01685,0.2023,0.225,0.1424,-0.039,-0.2173,0.4628,0.2075,0.32,0.6851,0.1941,-0.1002,-0.2966,0.2747,0.261,0.1941,0.1043,-0.7577,0.3948,0.1976,-0.1947,0.3952,0.1255,0.4531,0.3724,0.2954,0.1504
2,k__Bacteria;p__Firmicutes;c__Bacilli;o__Bacillales;f__Bacillaceae,0.02178,0.05619,0.05619,0.05619,0.05619,-0.09839,0.05619,0.05619,0.05619,0.05619,-0.1511,0.05619,0.05619,0.05619,-0.02319,0.05619,0.05619,-0.05511,0.2734,0.1122,0.1281,-0.08709,-0.113,0.2522,0.2993,-0.1182,0.1583,-0.3015,-0.1241,-0.03701,-0.1965,-0.1387,-0.1965,0.1246,-0.06222,0.1379,0.163,-0.1519,0.08349,0.00126,0.1672,-0.2805,0.04708,-0.04743,-0.1546,-0.01949,-0.1439,-0.1688,0.06344,-0.3004,0.18,-0.199,-0.1965,-0.1889,0.05589,-0.3037,0.09685,0.1333,0.007709,-0.333,-0.3153,-0.1333,0.2015,-0.2335,-0.07835,-0.2118,0.007496,-0.2027,-0.0007329,-0.1451,0.1961,0.04633,-0.05208,-0.0669,0.283,0.06545,-0.1288,-0.01568,0.07611,0.283,0.004325,-0.2773,0.04231,-0.1965,-0.1485,-0.04351,0.2074,0.07356,0.0702,0.1479,0.01146
3,k__Bacteria;p__Cyanobacteria;c__Oscillatoriophycideae;o__Chroococcales;f__Xenococcaceae,-0.06301,0.1248,0.1248,0.1248,0.1248,-0.03404,0.1248,0.1248,0.1248,0.1248,-0.1458,0.1248,0.1248,0.1248,-0.09597,0.1248,0.1248,-0.0743,0.06707,0.1361,0.07425,-0.0955,-0.1208,0.1235,0.1194,-0.1292,0.1118,-0.09097,-0.1578,-0.1328,-0.226,-0.02111,-0.226,0.1335,-0.1388,0.05128,0.1059,-0.1654,0.1204,-0.07629,0.06576,-0.1613,-0.07081,0.08771,-0.0703,-0.08536,-0.182,-0.07973,0.1532,-0.0685,0.0815,-0.1851,-0.226,-0.13,0.08095,-0.1921,0.1187,0.1202,-0.16,-0.04164,-0.07837,-0.1287,0.07152,-0.06831,-0.128,-0.08325,-0.1521,-0.1566,-0.0699,-0.08841,0.09084,0.1044,0.06583,0.1362,0.1308,0.1175,-0.1212,0.06998,0.08898,0.1308,-0.1435,-0.1749,0.1492,-0.226,-0.08509,0.1493,0.121,0.09485,0.09392,0.139,0.09187
4,k__Bacteria;p__Proteobacteria;c__Gammaproteobacteria;o__Pasteurellales;f__Pasteurellaceae,0.0729,-0.04434,-0.04434,-0.04434,-0.04434,-0.0601,-0.04434,-0.04434,-0.04434,-0.04434,0.08777,-0.04434,-0.04434,-0.04434,0.04977,-0.04434,-0.04434,0.07476,-0.02768,0.02151,-0.06713,0.02841,0.02575,-0.04496,-0.03743,0.1261,0.04808,0.05125,0.06259,0.1263,0.2972,0.02294,0.2972,-0.04259,0.101,-0.09223,-0.008935,0.1464,-0.08682,0.04205,-0.01004,0.06974,0.1601,-0.06603,-0.0116,-0.004224,0.1298,0.02463,-0.06371,-0.1312,0.006688,0.2606,0.2972,-0.004167,-0.004877,0.2611,-0.06589,0.03396,0.04314,-0.02461,0.00824,0.08523,0.03936,-0.1099,0.182,0.08212,0.1917,0.1485,0.102,0.02775,0.04896,-0.01249,-0.008354,-0.067,-0.09337,-0.05889,0.07453,-0.03399,-0.1071,-0.09337,0.1541,-0.03904,-0.06625,0.2972,-0.006988,-0.06613,-0.08487,-0.1074,-0.04792,-0.08819,-0.08184
5,k__Bacteria;p__Bacteroidetes;c__Bacteroidia;o__Bacteroidales;f__S24-7,-0.1029,0.04905,0.04905,0.04905,0.04905,-0.09389,0.04905,0.04905,0.04905,0.04905,-0.1139,0.04905,0.04905,0.04905,-0.1403,0.04905,0.04905,-0.08835,0.1419,0.1044,0.1042,-0.07065,-0.0963,0.09493,0.09149,-0.0457,0.1653,-0.06507,-0.1254,-0.1053,-0.1723,-0.09634,-0.1723,0.121,-0.1089,0.1049,0.07964,-0.1297,0.092,-0.1057,0.08685,-0.03674,-0.1387,0.1,-0.0847,-0.1054,-0.1409,-0.1171,0.2617,-0.1096,0.06067,-0.1424,-0.1723,-0.06726,0.05456,-0.1475,0.0887,0.09252,-0.1229,-0.1405,-0.05235,-0.1016,0.09676,-0.0936,-0.09986,-0.05402,-0.1209,-0.1211,-0.08798,-0.105,0.1435,0.04097,0.0428,0.09505,0.2032,0.1354,-0.0968,0.04676,0.1394,0.2032,-0.1109,-0.1353,0.105,-0.1723,-0.1053,0.1051,0.1444,0.1424,0.07,0.09693,0.1135
6,k__Bacteria;p__Bacteroidetes;c__Sphingobacteriia;o__Sphingobacteriales;f__Sphingobacteriaceae,-0.1059,0.1445,0.1445,0.1445,0.1445,-0.0946,0.1445,0.1445,0.1445,0.1445,-0.1162,0.1445,0.1445,0.1445,-0.1421,0.1445,0.1445,-0.05708,0.09436,0.1076,0.1571,-0.1255,-0.09719,0.09775,0.09438,-0.1034,0.1655,-0.0698,-0.1268,-0.1066,-0.1782,-0.09813,-0.1782,0.1924,-0.1109,0.07051,0.122,-0.1321,0.09505,-0.1079,0.08878,-0.1286,-0.1423,0.0998,-0.08577,-0.1059,-0.1445,-0.1195,0.2572,-0.04878,0.09356,-0.1466,-0.1782,-0.105,0.1004,-0.152,0.08926,0.04399,-0.1266,-0.1445,-0.1104,-0.05101,0.09844,-0.09526,-0.05698,-0.1223,-0.06207,-0.1243,-0.08924,-0.1064,0.1437,0.1195,0.1291,0.2451,0.2017,0.1337,-0.02741,0.1329,0.1407,0.2017,-0.1139,-0.1389,0.254,-0.1782,-0.1057,0.2542,0.05041,0.1435,0.03335,0.1055,0.1612
7,k__Bacteria;p__Proteobacteria;c__Alphaproteobacteria;o__Rhodobacterales;f__Rhodobacteraceae,-0.1083,0.1579,0.1579,0.1579,0.1579,-0.06872,0.1579,0.1579,0.1579,0.1579,-0.1857,0.1579,0.1579,0.1579,-0.1476,0.1579,0.1579,-0.1038,0.103,0.1769,0.1138,-0.1293,-0.15,0.1602,0.1555,-0.1629,0.1644,-0.1274,-0.1967,-0.1661,-0.2961,-0.0623,-0.2961,0.1938,-0.1756,0.08364,0.1409,-0.2098,0.1572,-0.118,0.1004,-0.2052,-0.1312,0.1164,-0.1002,-0.119,-0.2342,-0.1262,0.2177,-0.1121,0.1096,-0.2397,-0.2961,-0.1595,0.1199,-0.2496,0.1589,0.1557,-0.2077,-0.1068,-0.117,-0.1616,0.1083,-0.1041,-0.1633,-0.1273,-0.1895,-0.2018,-0.1018,-0.1254,0.1371,0.1341,0.1005,0.1954,0.1884,0.1506,-0.1501,0.1044,0.1381,0.1884,-0.1849,-0.2254,0.2123,-0.2961,-0.1186,0.2125,0.1547,0.1437,0.1261,0.1995,0.1334
8,k__Bacteria;p__Firmicutes;c__Clostridia;o__Clostridiales;f__Christensenellaceae,-0.1171,0.06433,0.06433,0.06433,0.06433,-0.08979,0.06433,0.06433,0.06433,0.06433,-0.1355,0.06433,0.06433,0.06433,-0.1159,0.06433,0.06433,-0.03408,0.05663,0.1178,0.1052,-0.07068,-0.04698,0.1078,0.1029,-0.02118,0.05179,-0.09194,-0.09937,-0.07487,-0.1905,-0.06155,-0.1905,0.1788,-0.0568,0.09947,0.1315,0.004331,0.1026,-0.1259,0.05374,-0.05155,-0.08439,0.04563,-0.07917,-0.0716,-0.02529,-0.0905,0.08879,-0.1312,0.06206,-0.1623,-0.1905,-0.0524,0.08372,0.003184,0.01903,0.1054,-0.1394,-0.1604,-0.07365,-0.1249,0.0257,-0.1131,-0.1184,-0.1494,-0.1032,-0.05667,-0.108,-0.03571,0.1263,0.05011,0.0538,0.07468,0.06982,0.02606,-0.009501,0.06101,0.1758,0.06982,-0.03694,-0.1564,0.08581,-0.1905,-0.05475,0.08594,0.0554,0.03385,0.0719,0.0759,0.04656
9,k__Bacteria;p__Firmicutes;c__Bacilli;o__Lactobacillales;f__Enterococcaceae,-0.1276,0.1168,0.1168,0.1168,0.1168,-0.108,0.1168,0.1168,0.1168,0.1168,-0.1372,0.1168,0.1168,0.1168,-0.1647,0.1168,0.1168,-0.1019,0.1482,0.1302,0.1238,-0.09441,-0.1114,0.1604,0.1601,-0.1206,0.1859,-0.1287,-0.146,-0.1232,-0.2176,-0.1152,-0.2176,0.2157,-0.1299,0.1154,0.1356,-0.1551,0.1539,-0.1273,0.1386,-0.1516,-0.1702,0.08534,-0.09919,-0.1198,-0.1727,-0.1408,0.274,-0.1314,0.1049,-0.1766,-0.2176,-0.1187,0.1192,-0.1837,0.1163,0.1147,-0.1529,-0.174,-0.127,-0.1197,0.1152,-0.1116,-0.1206,-0.1416,-0.1406,-0.1487,-0.1037,-0.1231,0.1615,0.09893,0.1053,0.2586,0.2211,0.1445,-0.1115,0.1084,0.1611,0.2211,-0.1363,-0.1662,0.1536,-0.2176,-0.08619,0.2702,0.1142,0.1636,0.1254,0.2481,0.1342
10,k__Bacteria;p__Synergistetes;c__Synergistia;o__Synergistales;f__Synergistaceae,-0.1316,0.07745,0.07745,0.07745,0.07745,-0.1135,0.07745,0.07745,0.07745,0.07745,-0.1425,0.07745,0.07745,0.07745,-0.1722,0.07745,0.07745,-0.107,0.1598,0.1341,0.129,-0.09564,-0.1169,0.1216,0.1177,-0.07516,0.1965,-0.0924,-0.1529,-0.1289,-0.2234,-0.1199,-0.2234,0.1639,-0.1353,0.1227,0.1053,-0.1614,0.1188,-0.1322,0.1091,-0.07694,-0.1759,0.1178,-0.1038,-0.1263,-0.1786,-0.1463,0.2953,-0.1367,0.08139,-0.1821,-0.2234,-0.09147,0.08418,-0.1893,0.1183,0.1183,-0.1575,-0.1795,-0.08178,-0.125,0.12,-0.1162,-0.1252,-0.0878,-0.1474,-0.1537,-0.1083,-0.1287,0.1707,0.06629,0.06938,0.1397,0.2358,0.1549,-0.1172,0.07301,0.1691,0.2358,-0.1409,-0.1717,0.1525,-0.2234,-0.1261,0.1527,0.1638,0.172,0.09374,0.1426,0.1401
11,k__Bacteria;p__Proteobacteria;c__Betaproteobacteria;o__Methylophilales;f__Methylophilaceae,-0.135,0.162,0.162,0.162,0.162,-0.114,0.162,0.162,0.162,0.162,-0.145,0.162,0.162,0.162,-0.174,0.162,0.162,-0.08001,0.1172,0.1378,0.175,-0.1442,-0.1177,0.1248,0.121,-0.1274,0.1962,-0.09819,-0.1542,-0.1301,-0.2303,-0.1218,-0.2303,0.2276,-0.1373,0.09245,0.143,-0.164,0.1224,-0.1346,0.1112,-0.1603,-0.18,0.1171,-0.1048,-0.1265,-0.1826,-0.1489,0.2885,-0.08468,0.1107,-0.1868,-0.2303,-0.1253,0.126,-0.1944,0.1201,0.07718,-0.1618,-0.1841,-0.1342,-0.08158,0.1218,-0.1179,-0.08868,-0.1495,-0.09664,-0.1573,-0.1095,-0.13,0.1704,0.1361,0.146,0.2722,0.2331,0.1522,-0.05726,0.1494,0.1701,0.2331,-0.1442,-0.1758,0.2843,-0.2303,-0.1262,0.2844,0.08117,0.1727,0.06324,0.1532,0.1814
12,k__Bacteria;p__Firmicutes;c__Clostridia;o__Clostridiales;f__Peptococcaceae,-0.1435,0.07711,0.07711,0.07711,0.07711,-0.07993,0.07711,0.07711,0.07711,0.07711,0.004571,0.07711,0.07711,0.07711,-0.09949,0.07711,0.07711,-0.07859,0.06955,0.1459,0.07703,-0.1016,-0.08317,0.06674,0.05721,-0.007889,0.117,-0.04017,-0.0784,-0.08451,-0.242,-0.07489,-0.242,0.1401,-0.07034,0.05244,0.1131,-0.07585,0.06973,-0.1457,0.06827,-0.06896,-0.07005,0.05393,-0.08712,-0.03865,-0.1956,-0.1613,0.1615,-0.06999,0.04842,-0.03951,-0.242,-0.09702,0.08461,-0.02595,0.1266,0.06327,-0.1716,-0.1958,-0.08178,-0.07198,0.1327,-0.1285,-0.07999,-0.1646,-0.08714,-0.1682,-0.07331,-0.09323,0.1925,0.06536,0.06835,0.1433,0.1375,0.07464,-0.08604,0.07302,0.09205,0.1375,-0.1541,-0.05622,0.1572,-0.242,-0.09005,0.1574,0.07124,0.09864,0.04879,0.1462,0.09642
13,k__Bacteria;p__TM7;c__TM7-3;o__I025;f__Rs-045,-0.1442,0.1331,0.1331,0.1331,0.1331,-0.08497,0.1331,0.1331,0.1331,0.1331,-0.156,0.1331,0.1331,0.1331,-0.1121,0.1331,0.1331,-0.117,0.1263,0.1469,0.1957,-0.105,-0.08847,0.1332,0.129,-0.08308,0.1278,-0.1481,-0.09083,-0.141,-0.2449,-0.1312,-0.2449,0.1517,-0.1481,0.134,0.1156,-0.0917,0.1303,-0.1447,0.1195,-0.1725,-0.09104,0.06259,-0.07917,-0.05228,-0.1956,-0.09449,0.1723,-0.1496,0.08934,-0.1995,-0.2449,-0.1368,0.09287,-0.2074,0.1299,0.1296,-0.1726,-0.1966,-0.1456,-0.1368,0.08294,-0.1272,-0.1371,-0.1619,-0.09709,-0.1684,-0.1185,-0.1408,0.1052,0.1121,0.1195,0.1539,0.1481,0.08316,-0.09072,0.1235,0.1849,0.1481,-0.1543,-0.1881,0.1679,-0.2449,-0.09487,0.1681,0.1297,0.11,0.1029,0.1571,0.1044
14,k__Bacteria;p__Actinobacteria;c__Actinobacteria;o__Actinomycetales;f__Geodermatophilaceae,-0.1447,0.1845,0.1845,0.1845,0.1845,-0.09658,0.1845,0.1845,0.1845,0.1845,-0.2177,0.1845,0.1845,0.1845,-0.189,0.1845,0.1845,-0.1275,0.1319,0.2097,0.1455,-0.1564,-0.1735,0.1896,0.1844,-0.1899,0.2067,-0.1567,-0.228,-0.1929,-0.3523,-0.0954,-0.3523,0.2422,-0.2052,0.1096,0.169,-0.2454,0.1868,-0.1515,0.1283,-0.2405,-0.1797,0.1395,-0.1242,-0.146,-0.276,-0.1635,0.2696,-0.1472,0.1321,-0.2837,-0.3523,-0.1832,0.1512,-0.2958,0.1912,0.1843,-0.246,-0.1592,-0.148,-0.1881,0.1379,-0.1328,-0.1916,-0.1627,-0.2196,-0.238,-0.1275,-0.1551,0.1742,0.158,0.1284,0.2429,0.2347,0.1771,-0.1734,0.1321,0.1775,0.2347,-0.2181,-0.2659,0.263,-0.3523,-0.1456,0.2633,0.1817,0.183,0.1519,0.2481,0.1668
15,k__Bacteria;p__Proteobacteria;c__Alphaproteobacteria;o__Rhizobiales;f__Rhizobiaceae,-0.1449,0.1462,0.1462,0.1462,0.1462,-0.1192,0.1462,0.1462,0.1462,0.1462,-0.1869,0.1462,0.1462,0.1462,-0.119,0.1462,0.1462,-0.09937,0.2216,0.18,0.2606,-0.1207,-0.1526,0.1878,0.2169,-0.1489,0.1114,-0.1814,-0.1425,-0.1929,-0.2984,-0.152,-0.2984,0.2618,-0.1478,0.1366,0.1828,-0.1327,0.05919,-0.1504,0.107,-0.1827,-0.2028,0.1007,-0.1604,-0.1138,-0.2093,-0.1895,0.3272,-0.04257,0.146,-0.2805,-0.2984,-0.1539,0.1173,-0.1909,0.1006,0.04181,-0.1384,-0.2786,-0.1645,-0.05697,0.24,-0.1093,-0.088,-0.2364,-0.09965,-0.2083,-0.0502,-0.1463,0.1156,0.1538,0.1683,0.205,0.3351,0.1545,-0.06741,0.1179,0.146,0.3351,-0.09605,-0.1457,0.221,-0.2984,-0.1994,0.2211,0.1978,0.1964,-0.01293,0.05882,0.1716
16,k__Bacteria;p__Proteobacteria;c__Alphaproteobacteria;o__Sphingomonadales;f__Sphingomonadaceae,-0.1461,0.1347,0.1347,0.1347,0.1347,-0.08651,0.1347,0.1347,0.1347,0.1347,-0.1579,0.1347,0.1347,0.1347,-0.1147,0.1347,0.1347,-0.1183,0.1278,0.1489,0.1971,-0.1067,-0.09007,0.135,0.1308,-0.08497,0.1304,-0.1497,-0.09308,-0.1426,-0.2483,-0.1328,-0.2483,0.1547,-0.1498,0.1352,0.1173,-0.09426,0.1321,-0.1465,0.121,-0.1746,-0.09404,0.06415,-0.08064,-0.05414,-0.1982,-0.09679,0.1755,-0.1514,0.09071,-0.2022,-0.2483,-0.1382,0.09478,-0.2102,0.1318,0.1313,-0.175,-0.1992,-0.1472,-0.1384,0.08475,-0.1287,-0.1388,-0.1638,-0.09921,-0.1706,-0.1198,-0.1424,0.1074,0.1136,0.121,0.1568,0.1509,0.08497,-0.0923,0.125,0.1869,0.1509,-0.1563,-0.1906,0.171,-0.2483,-0.09652,0.1712,0.1313,0.1124,0.1045,0.1601,0.1064
17,k__Bacteria;p__Proteobacteria;c__Gammaproteobacteria;o__Pseudomonadales;f__Pseudomonadaceae,-0.1506,0.2521,0.2521,0.2521,0.2521,-0.1484,0.2521,0.2521,0.2521,0.2521,-0.172,0.2521,0.2521,0.2521,-0.2173,0.2521,0.2521,-0.06601,0.1407,0.1519,0.2768,-0.2117,-0.1514,0.1388,0.1328,-0.1564,0.2667,-0.08003,-0.196,-0.1636,-0.2472,-0.1466,-0.2472,0.3111,-0.1662,0.09495,0.2,-0.1973,0.1328,-0.1598,0.1304,-0.1907,-0.2054,0.1633,-0.1316,-0.1686,-0.2091,-0.1772,0.4486,-0.02219,0.1511,-0.2087,-0.2472,-0.1675,0.1471,-0.2149,0.1137,0.01833,-0.1795,-0.2061,-0.1709,-0.03784,0.1478,-0.1429,-0.04743,-0.1875,-0.05156,-0.1792,-0.1359,-0.1631,0.2315,0.2041,0.2226,0.4332,0.3376,0.2285,0.007835,0.2312,0.2195,0.3376,-0.1641,-0.2003,0.4446,-0.2472,-0.1683,0.4448,0.03625,0.2254,0.003956,0.1109,0.2797
18,k__Archaea;p__Euryarchaeota;c__Methanobacteria;o__Methanobacteriales;f__Methanobacteriaceae,-0.1778,0.07434,0.07434,0.07434,0.07434,-0.1669,0.07434,0.07434,0.07434,0.07434,-0.199,0.07434,0.07434,0.07434,-0.2474,0.07434,0.07434,-0.1569,0.0639,0.18,0.183,-0.1183,-0.1708,0.1639,0.1576,-0.179,0.2961,-0.2012,-0.222,-0.1859,-0.2955,-0.1688,-0.2955,0.1449,-0.1911,0.1893,0.1351,-0.2272,0.259,-0.1848,0.06351,-0.2204,-0.2406,0.1123,-0.1496,-0.1003,-0.2447,-0.2048,0.1735,-0.1918,0.1675,-0.2461,-0.2955,-0.1124,0.258,-0.2544,0.2813,0.1599,-0.2122,-0.2429,-0.1934,-0.1791,0.1698,-0.1642,-0.1743,-0.2132,-0.2141,-0.2101,-0.155,-0.1854,0.2571,0.1407,0.0636,0.1514,0.3682,0.1589,-0.1719,0.07146,0.2475,0.3682,-0.1924,-0.2347,0.1685,-0.2955,-0.09997,0.1687,0.1641,0.2533,0.118,0.428,0.09959
19,k__Bacteria;p__Bacteroidetes;c__Bacteroidia;o__Bacteroidales;f__[Odoribacteraceae],-0.2151,0.07201,0.07201,0.07201,0.07201,-0.1309,0.07201,0.07201,0.07201,0.07201,-0.0409,0.07201,0.07201,0.07201,-0.2133,0.07201,0.07201,-0.02653,0.1068,0.2102,-0.0004352,-0.06574,0.00656,0.05685,0.02781,0.02612,0.08105,-0.1191,-0.1796,-0.06249,-0.3862,0.02939,-0.3862,0.1793,-0.003764,0.04061,0.1259,-0.1817,0.1217,-0.1094,0.06143,0.0197,-0.08346,0.02453,-0.02513,-0.02026,-0.04309,-0.2604,0.1255,-0.1182,-0.01191,-0.1862,-0.3862,-0.07215,0.08076,-0.01602,0.1241,0.1286,-0.2009,-0.2066,-0.07365,-0.1505,0.06055,-0.1953,-0.1475,-0.1738,-0.1458,-0.173,-0.1863,-0.05028,0.2917,0.05338,-0.03054,0.008647,0.1796,0.06444,-0.08155,0.08026,0.2242,0.1796,-0.1578,-0.1494,0.3213,-0.3862,-0.08834,0.03215,0.1039,0.03432,0.1246,0.123,0.1608
20,k__Bacteria;p__Firmicutes;c__Clostridia;o__Clostridiales;f__Eubacteriaceae,-0.216,0.1887,0.1887,0.1887,0.1887,-0.1592,0.1887,0.1887,0.1887,0.1887,-0.304,0.1887,0.1887,0.1887,-0.2,0.1887,0.1887,-0.2814,0.2624,0.194,0.3484,-0.1995,-0.2053,0.2686,0.3233,-0.2022,0.1873,-0.3124,-0.1761,-0.3053,-0.3854,-0.2081,-0.3854,0.2678,-0.2519,0.2397,0.2048,-0.1949,0.2882,-0.2293,0.3033,-0.351,-0.1898,0.07307,-0.1422,-0.1062,-0.3699,-0.1606,0.3549,-0.1809,0.2042,-0.4568,-0.3854,-0.2494,0.133,-0.2385,0.2181,0.1168,-0.2663,-0.3379,-0.2998,-0.2671,0.1612,-0.1409,-0.271,-0.3649,-0.2664,-0.2726,-0.2163,-0.2703,0.1863,0.162,0.1967,0.2098,0.3436,0.1661,-0.1839,0.1511,0.2809,0.3436,-0.1799,-0.2882,0.1216,-0.3854,-0.2165,0.2389,0.3025,0.2407,0.2097,0.3448,0.1689
21,k__Bacteria;p__Actinobacteria;c__Actinobacteria;o__Actinomycetales;f__Nocardiaceae,-0.282,0.2416,0.2416,0.2416,0.2416,-0.2094,0.2416,0.2416,0.2416,0.2416,-0.2892,0.2416,0.2416,0.2416,-0.3321,0.2416,0.2416,-0.1987,0.2314,0.2902,0.2547,-0.2321,-0.2184,0.2612,0.2559,-0.2469,0.345,-0.2452,-0.2894,-0.2468,-0.4945,-0.24,-0.4945,0.3977,-0.2691,0.2043,0.2437,-0.323,0.2607,-0.2679,0.2238,-0.3188,-0.3697,0.2004,-0.199,-0.2269,-0.3743,-0.296,0.4305,-0.2751,0.1939,-0.3899,-0.4945,-0.2241,0.2545,-0.4089,0.2787,0.2533,-0.3393,-0.3835,-0.2515,-0.2427,0.2382,-0.231,-0.2552,-0.2843,-0.2783,-0.3236,-0.2102,-0.2471,0.2998,0.2135,0.2239,0.3928,0.3816,0.2383,-0.217,0.2244,0.3151,0.3816,-0.2967,-0.3615,0.4207,-0.4945,-0.2263,0.4211,0.2434,0.3165,0.2226,0.4016,0.274
22,k__Bacteria;p__Actinobacteria;c__Actinobacteria;o__Actinomycetales;f__Propionibacteriaceae,-0.282,0.2416,0.2416,0.2416,0.2416,-0.2094,0.2416,0.2416,0.2416,0.2416,-0.2892,0.2416,0.2416,0.2416,-0.3321,0.2416,0.2416,-0.1987,0.2314,0.2902,0.2547,-0.2321,-0.2184,0.2612,0.2559,-0.2469,0.345,-0.2452,-0.2894,-0.2468,-0.4945,-0.24,-0.4945,0.3977,-0.2691,0.2043,0.2437,-0.323,0.2607,-0.2679,0.2238,-0.3188,-0.3697,0.2004,-0.199,-0.2269,-0.3743,-0.296,0.4305,-0.2751,0.1939,-0.3899,-0.4945,-0.2241,0.2545,-0.4089,0.2787,0.2533,-0.3393,-0.3835,-0.2515,-0.2427,0.2382,-0.231,-0.2552,-0.2843,-0.2783,-0.3236,-0.2102,-0.2471,0.2998,0.2135,0.2239,0.3928,0.3816,0.2383,-0.217,0.2244,0.3151,0.3816,-0.2967,-0.3615,0.4207,-0.4945,-0.2263,0.4211,0.2434,0.3165,0.2226,0.4016,0.274
23,k__Bacteria;p__Bacteroidetes;c__Bacteroidia;o__Bacteroidales;f__Marinilabiaceae,-0.282,0.2416,0.2416,0.2416,0.2416,-0.2094,0.2416,0.2416,0.2416,0.2416,-0.2892,0.2416,0.2416,0.2416,-0.3321,0.2416,0.2416,-0.1987,0.2314,0.2902,0.2547,-0.2321,-0.2184,0.2612,0.2559,-0.2469,0.345,-0.2452,-0.2894,-0.2468,-0.4945,-0.24,-0.4945,0.3977,-0.2691,0.2043,0.2437,-0.323,0.2607,-0.2679,0.2238,-0.3188,-0.3697,0.2004,-0.199,-0.2269,-0.3743,-0.296,0.4305,-0.2751,0.1939,-0.3899,-0.4945,-0.2241,0.2545,-0.4089,0.2787,0.2533,-0.3393,-0.3835,-0.2515,-0.2427,0.2382,-0.231,-0.2552,-0.2843,-0.2783,-0.3236,-0.2102,-0.2471,0.2998,0.2135,0.2239,0.3928,0.3816,0.2383,-0.217,0.2244,0.3151,0.3816,-0.2967,-0.3615,0.4207,-0.4945,-0.2263,0.4211,0.2434,0.3165,0.2226,0.4016,0.274
24,k__Bacteria;p__Bacteroidetes;c__Cytophagia;o__Cytophagales;f__Cytophagaceae,-0.282,0.2416,0.2416,0.2416,0.2416,-0.2094,0.2416,0.2416,0.2416,0.2416,-0.2892,0.2416,0.2416,0.2416,-0.3321,0.2416,0.2416,-0.1987,0.2314,0.2902,0.2547,-0.2321,-0.2184,0.2612,0.2559,-0.2469,0.345,-0.2452,-0.2894,-0.2468,-0.4945,-0.24,-0.4945,0.3977,-0.2691,0.2043,0.2437,-0.323,0.2607,-0.2679,0.2238,-0.3188,-0.3697,0.2004,-0.199,-0.2269,-0.3743,-0.296,0.4305,-0.2751,0.1939,-0.3899,-0.4945,-0.2241,0.2545,-0.4089,0.2787,0.2533,-0.3393,-0.3835,-0.2515,-0.2427,0.2382,-0.231,-0.2552,-0.2843,-0.2783,-0.3236,-0.2102,-0.2471,0.2998,0.2135,0.2239,0.3928,0.3816,0.2383,-0.217,0.2244,0.3151,0.3816,-0.2967,-0.3615,0.4207,-0.4945,-0.2263,0.4211,0.2434,0.3165,0.2226,0.4016,0.274
25,k__Bacteria;p__Bacteroidetes;c__Flavobacteriia;o__Flavobacteriales;f__[Weeksellaceae],-0.282,0.2416,0.2416,0.2416,0.2416,-0.2094,0.2416,0.2416,0.2416,0.2416,-0.2892,0.2416,0.2416,0.2416,-0.3321,0.2416,0.2416,-0.1987,0.2314,0.2902,0.2547,-0.2321,-0.2184,0.2612,0.2559,-0.2469,0.345,-0.2452,-0.2894,-0.2468,-0.4945,-0.24,-0.4945,0.3977,-0.2691,0.2043,0.2437,-0.323,0.2607,-0.2679,0.2238,-0.3188,-0.3697,0.2004,-0.199,-0.2269,-0.3743,-0.296,0.4305,-0.2751,0.1939,-0.3899,-0.4945,-0.2241,0.2545,-0.4089,0.2787,0.2533,-0.3393,-0.3835,-0.2515,-0.2427,0.2382,-0.231,-0.2552,-0.2843,-0.2783,-0.3236,-0.2102,-0.2471,0.2998,0.2135,0.2239,0.3928,0.3816,0.2383,-0.217,0.2244,0.3151,0.3816,-0.2967,-0.3615,0.4207,-0.4945,-0.2263,0.4211,0.2434,0.3165,0.2226,0.4016,0.274
26,k__Bacteria;p__Chloroflexi;c__Anaerolineae;o__SBR1031;f__A4b,-0.282,0.2416,0.2416,0.2416,0.2416,-0.2094,0.2416,0.2416,0.2416,0.2416,-0.2892,0.2416,0.2416,0.2416,-0.3321,0.2416,0.2416,-0.1987,0.2314,0.2902,0.2547,-0.2321,-0.2184,0.2612,0.2559,-0.2469,0.345,-0.2452,-0.2894,-0.2468,-0.4945,-0.24,-0.4945,0.3977,-0.2691,0.2043,0.2437,-0.323,0.2607,-0.2679,0.2238,-0.3188,-0.3697,0.2004,-0.199,-0.2269,-0.3743,-0.296,0.4305,-0.2751,0.1939,-0.3899,-0.4945,-0.2241,0.2545,-0.4089,0.2787,0.2533,-0.3393,-0.3835,-0.2515,-0.2427,0.2382,-0.231,-0.2552,-0.2843,-0.2783,-0.3236,-0.2102,-0.2471,0.2998,0.2135,0.2239,0.3928,0.3816,0.2383,-0.217,0.2244,0.3151,0.3816,-0.2967,-0.3615,0.4207,-0.4945,-0.2263,0.4211,0.2434,0.3165,0.2226,0.4016,0.274
27,k__Bacteria;p__Firmicutes;c__Bacilli;o__Bacillales;f__Paenibacillaceae,-0.282,0.2416,0.2416,0.2416,0.2416,-0.2094,0.2416,0.2416,0.2416,0.2416,-0.2892,0.2416,0.2416,0.2416,-0.3321,0.2416,0.2416,-0.1987,0.2314,0.2902,0.2547,-0.2321,-0.2184,0.2612,0.2559,-0.2469,0.345,-0.2452,-0.2894,-0.2468,-0.4945,-0.24,-0.4945,0.3977,-0.2691,0.2043,0.2437,-0.323,0.2607,-0.2679,0.2238,-0.3188,-0.3697,0.2004,-0.199,-0.2269,-0.3743,-0.296,0.4305,-0.2751,0.1939,-0.3899,-0.4945,-0.2241,0.2545,-0.4089,0.2787,0.2533,-0.3393,-0.3835,-0.2515,-0.2427,0.2382,-0.231,-0.2552,-0.2843,-0.2783,-0.3236,-0.2102,-0.2471,0.2998,0.2135,0.2239,0.3928,0.3816,0.2383,-0.217,0.2244,0.3151,0.3816,-0.2967,-0.3615,0.4207,-0.4945,-0.2263,0.4211,0.2434,0.3165,0.2226,0.4016,0.274
28,k__Bacteria;p__Firmicutes;c__Bacilli;o__Bacillales;f__Staphylococcaceae,-0.282,0.2416,0.2416,0.2416,0.2416,-0.2094,0.2416,0.2416,0.2416,0.2416,-0.2892,0.2416,0.2416,0.2416,-0.3321,0.2416,0.2416,-0.1987,0.2314,0.2902,0.2547,-0.2321,-0.2184,0.2612,0.2559,-0.2469,0.345,-0.2452,-0.2894,-0.2468,-0.4945,-0.24,-0.4945,0.3977,-0.2691,0.2043,0.2437,-0.323,0.2607,-0.2679,0.2238,-0.3188,-0.3697,0.2004,-0.199,-0.2269,-0.3743,-0.296,0.4305,-0.2751,0.1939,-0.3899,-0.4945,-0.2241,0.2545,-0.4089,0.2787,0.2533,-0.3393,-0.3835,-0.2515,-0.2427,0.2382,-0.231,-0.2552,-0.2843,-0.2783,-0.3236,-0.2102,-0.2471,0.2998,0.2135,0.2239,0.3928,0.3816,0.2383,-0.217,0.2244,0.3151,0.3816,-0.2967,-0.3615,0.4207,-0.4945,-0.2263,0.4211,0.2434,0.3165,0.2226,0.4016,0.274
29,k__Bacteria;p__Firmicutes;c__Bacilli;o__Lactobacillales;f__Carnobacteriaceae,-0.282,0.2416,0.2416,0.2416,0.2416,-0.2094,0.2416,0.2416,0.2416,0.2416,-0.2892,0.2416,0.2416,0.2416,-0.3321,0.2416,0.2416,-0.1987,0.2314,0.2902,0.2547,-0.2321,-0.2184,0.2612,0.2559,-0.2469,0.345,-0.2452,-0.2894,-0.2468,-0.4945,-0.24,-0.4945,0.3977,-0.2691,0.2043,0.2437,-0.323,0.2607,-0.2679,0.2238,-0.3188,-0.3697,0.2004,-0.199,-0.2269,-0.3743,-0.296,0.4305,-0.2751,0.1939,-0.3899,-0.4945,-0.2241,0.2545,-0.4089,0.2787,0.2533,-0.3393,-0.3835,-0.2515,-0.2427,0.2382,-0.231,-0.2552,-0.2843,-0.2783,-0.3236,-0.2102,-0.2471,0.2998,0.2135,0.2239,0.3928,0.3816,0.2383,-0.217,0.2244,0.3151,0.3816,-0.2967,-0.3615,0.4207,-0.4945,-0.2263,0.4211,0.2434,0.3165,0.2226,0.4016,0.274
30,k__Bacteria;p__Fusobacteria;c__Fusobacteriia;o__Fusobacteriales;f__Leptotrichiaceae,-0.282,0.2416,0.2416,0.2416,0.2416,-0.2094,0.2416,0.2416,0.2416,0.2416,-0.2892,0.2416,0.2416,0.2416,-0.3321,0.2416,0.2416,-0.1987,0.2314,0.2902,0.2547,-0.2321,-0.2184,0.2612,0.2559,-0.2469,0.345,-0.2452,-0.2894,-0.2468,-0.4945,-0.24,-0.4945,0.3977,-0.2691,0.2043,0.2437,-0.323,0.2607,-0.2679,0.2238,-0.3188,-0.3697,0.2004,-0.199,-0.2269,-0.3743,-0.296,0.4305,-0.2751,0.1939,-0.3899,-0.4945,-0.2241,0.2545,-0.4089,0.2787,0.2533,-0.3393,-0.3835,-0.2515,-0.2427,0.2382,-0.231,-0.2552,-0.2843,-0.2783,-0.3236,-0.2102,-0.2471,0.2998,0.2135,0.2239,0.3928,0.3816,0.2383,-0.217,0.2244,0.3151,0.3816,-0.2967,-0.3615,0.4207,-0.4945,-0.2263,0.4211,0.2434,0.3165,0.2226,0.4016,0.274
31,k__Bacteria;p__Lentisphaerae;c__[Lentisphaeria];o__Victivallales;f__Victivallaceae,-0.282,0.2416,0.2416,0.2416,0.2416,-0.2094,0.2416,0.2416,0.2416,0.2416,-0.2892,0.2416,0.2416,0.2416,-0.3321,0.2416,0.2416,-0.1987,0.2314,0.2902,0.2547,-0.2321,-0.2184,0.2612,0.2559,-0.2469,0.345,-0.2452,-0.2894,-0.2468,-0.4945,-0.24,-0.4945,0.3977,-0.2691,0.2043,0.2437,-0.323,0.2607,-0.2679,0.2238,-0.3188,-0.3697,0.2004,-0.199,-0.2269,-0.3743,-0.296,0.4305,-0.2751,0.1939,-0.3899,-0.4945,-0.2241,0.2545,-0.4089,0.2787,0.2533,-0.3393,-0.3835,-0.2515,-0.2427,0.2382,-0.231,-0.2552,-0.2843,-0.2783,-0.3236,-0.2102,-0.2471,0.2998,0.2135,0.2239,0.3928,0.3816,0.2383,-0.217,0.2244,0.3151,0.3816,-0.2967,-0.3615,0.4207,-0.4945,-0.2263,0.4211,0.2434,0.3165,0.2226,0.4016,0.274
32,k__Bacteria;p__Planctomycetes;c__Planctomycetia;o__Gemmatales;f__Isosphaeraceae,-0.282,0.2416,0.2416,0.2416,0.2416,-0.2094,0.2416,0.2416,0.2416,0.2416,-0.2892,0.2416,0.2416,0.2416,-0.3321,0.2416,0.2416,-0.1987,0.2314,0.2902,0.2547,-0.2321,-0.2184,0.2612,0.2559,-0.2469,0.345,-0.2452,-0.2894,-0.2468,-0.4945,-0.24,-0.4945,0.3977,-0.2691,0.2043,0.2437,-0.323,0.2607,-0.2679,0.2238,-0.3188,-0.3697,0.2004,-0.199,-0.2269,-0.3743,-0.296,0.4305,-0.2751,0.1939,-0.3899,-0.4945,-0.2241,0.2545,-0.4089,0.2787,0.2533,-0.3393,-0.3835,-0.2515,-0.2427,0.2382,-0.231,-0.2552,-0.2843,-0.2783,-0.3236,-0.2102,-0.2471,0.2998,0.2135,0.2239,0.3928,0.3816,0.2383,-0.217,0.2244,0.3151,0.3816,-0.2967,-0.3615,0.4207,-0.4945,-0.2263,0.4211,0.2434,0.3165,0.2226,0.4016,0.274
33,k__Bacteria;p__Proteobacteria;c__Alphaproteobacteria;o__Rhizobiales;f__Brucellaceae,-0.282,0.2416,0.2416,0.2416,0.2416,-0.2094,0.2416,0.2416,0.2416,0.2416,-0.2892,0.2416,0.2416,0.2416,-0.3321,0.2416,0.2416,-0.1987,0.2314,0.2902,0.2547,-0.2321,-0.2184,0.2612,0.2559,-0.2469,0.345,-0.2452,-0.2894,-0.2468,-0.4945,-0.24,-0.4945,0.3977,-0.2691,0.2043,0.2437,-0.323,0.2607,-0.2679,0.2238,-0.3188,-0.3697,0.2004,-0.199,-0.2269,-0.3743,-0.296,0.4305,-0.2751,0.1939,-0.3899,-0.4945,-0.2241,0.2545,-0.4089,0.2787,0.2533,-0.3393,-0.3835,-0.2515,-0.2427,0.2382,-0.231,-0.2552,-0.2843,-0.2783,-0.3236,-0.2102,-0.2471,0.2998,0.2135,0.2239,0.3928,0.3816,0.2383,-0.217,0.2244,0.3151,0.3816,-0.2967,-0.3615,0.4207,-0.4945,-0.2263,0.4211,0.2434,0.3165,0.2226,0.4016,0.274
34,k__Bacteria;p__Proteobacteria;c__Alphaproteobacteria;o__Rhizobiales;f__Methylobacteriaceae,-0.282,0.2416,0.2416,0.2416,0.2416,-0.2094,0.2416,0.2416,0.2416,0.2416,-0.2892,0.2416,0.2416,0.2416,-0.3321,0.2416,0.2416,-0.1987,0.2314,0.2902,0.2547,-0.2321,-0.2184,0.2612,0.2559,-0.2469,0.345,-0.2452,-0.2894,-0.2468,-0.4945,-0.24,-0.4945,0.3977,-0.2691,0.2043,0.2437,-0.323,0.2607,-0.2679,0.2238,-0.3188,-0.3697,0.2004,-0.199,-0.2269,-0.3743,-0.296,0.4305,-0.2751,0.1939,-0.3899,-0.4945,-0.2241,0.2545,-0.4089,0.2787,0.2533,-0.3393,-0.3835,-0.2515,-0.2427,0.2382,-0.231,-0.2552,-0.2843,-0.2783,-0.3236,-0.2102,-0.2471,0.2998,0.2135,0.2239,0.3928,0.3816,0.2383,-0.217,0.2244,0.3151,0.3816,-0.2967,-0.3615,0.4207,-0.4945,-0.2263,0.4211,0.2434,0.3165,0.2226,0.4016,0.274
35,k__Bacteria;p__Proteobacteria;c__Alphaproteobacteria;o__Rhodospirillales;f__Acetobacteraceae,-0.282,0.2416,0.2416,0.2416,0.2416,-0.2094,0.2416,0.2416,0.2416,0.2416,-0.2892,0.2416,0.2416,0.2416,-0.3321,0.2416,0.2416,-0.1987,0.2314,0.2902,0.2547,-0.2321,-0.2184,0.2612,0.2559,-0.2469,0.345,-0.2452,-0.2894,-0.2468,-0.4945,-0.24,-0.4945,0.3977,-0.2691,0.2043,0.2437,-0.323,0.2607,-0.2679,0.2238,-0.3188,-0.3697,0.2004,-0.199,-0.2269,-0.3743,-0.296,0.4305,-0.2751,0.1939,-0.3899,-0.4945,-0.2241,0.2545,-0.4089,0.2787,0.2533,-0.3393,-0.3835,-0.2515,-0.2427,0.2382,-0.231,-0.2552,-0.2843,-0.2783,-0.3236,-0.2102,-0.2471,0.2998,0.2135,0.2239,0.3928,0.3816,0.2383,-0.217,0.2244,0.3151,0.3816,-0.2967,-0.3615,0.4207,-0.4945,-0.2263,0.4211,0.2434,0.3165,0.2226,0.4016,0.274
36,k__Bacteria;p__Proteobacteria;c__Alphaproteobacteria;o__Rickettsiales;f__mitochondri,-0.282,0.2416,0.2416,0.2416,0.2416,-0.2094,0.2416,0.2416,0.2416,0.2416,-0.2892,0.2416,0.2416,0.2416,-0.3321,0.2416,0.2416,-0.1987,0.2314,0.2902,0.2547,-0.2321,-0.2184,0.2612,0.2559,-0.2469,0.345,-0.2452,-0.2894,-0.2468,-0.4945,-0.24,-0.4945,0.3977,-0.2691,0.2043,0.2437,-0.323,0.2607,-0.2679,0.2238,-0.3188,-0.3697,0.2004,-0.199,-0.2269,-0.3743,-0.296,0.4305,-0.2751,0.1939,-0.3899,-0.4945,-0.2241,0.2545,-0.4089,0.2787,0.2533,-0.3393,-0.3835,-0.2515,-0.2427,0.2382,-0.231,-0.2552,-0.2843,-0.2783,-0.3236,-0.2102,-0.2471,0.2998,0.2135,0.2239,0.3928,0.3816,0.2383,-0.217,0.2244,0.3151,0.3816,-0.2967,-0.3615,0.4207,-0.4945,-0.2263,0.4211,0.2434,0.3165,0.2226,0.4016,0.274
37,k__Bacteria;p__Proteobacteria;c__Deltaproteobacteria;o__Desulfovibrionales;f__Desulfomicrobiaceae,-0.282,0.2416,0.2416,0.2416,0.2416,-0.2094,0.2416,0.2416,0.2416,0.2416,-0.2892,0.2416,0.2416,0.2416,-0.3321,0.2416,0.2416,-0.1987,0.2314,0.2902,0.2547,-0.2321,-0.2184,0.2612,0.2559,-0.2469,0.345,-0.2452,-0.2894,-0.2468,-0.4945,-0.24,-0.4945,0.3977,-0.2691,0.2043,0.2437,-0.323,0.2607,-0.2679,0.2238,-0.3188,-0.3697,0.2004,-0.199,-0.2269,-0.3743,-0.296,0.4305,-0.2751,0.1939,-0.3899,-0.4945,-0.2241,0.2545,-0.4089,0.2787,0.2533,-0.3393,-0.3835,-0.2515,-0.2427,0.2382,-0.231,-0.2552,-0.2843,-0.2783,-0.3236,-0.2102,-0.2471,0.2998,0.2135,0.2239,0.3928,0.3816,0.2383,-0.217,0.2244,0.3151,0.3816,-0.2967,-0.3615,0.4207,-0.4945,-0.2263,0.4211,0.2434,0.3165,0.2226,0.4016,0.274
38,k__Bacteria;p__Proteobacteria;c__Deltaproteobacteria;o__Myxococcales;f__Polyangiaceae,-0.282,0.2416,0.2416,0.2416,0.2416,-0.2094,0.2416,0.2416,0.2416,0.2416,-0.2892,0.2416,0.2416,0.2416,-0.3321,0.2416,0.2416,-0.1987,0.2314,0.2902,0.2547,-0.2321,-0.2184,0.2612,0.2559,-0.2469,0.345,-0.2452,-0.2894,-0.2468,-0.4945,-0.24,-0.4945,0.3977,-0.2691,0.2043,0.2437,-0.323,0.2607,-0.2679,0.2238,-0.3188,-0.3697,0.2004,-0.199,-0.2269,-0.3743,-0.296,0.4305,-0.2751,0.1939,-0.3899,-0.4945,-0.2241,0.2545,-0.4089,0.2787,0.2533,-0.3393,-0.3835,-0.2515,-0.2427,0.2382,-0.231,-0.2552,-0.2843,-0.2783,-0.3236,-0.2102,-0.2471,0.2998,0.2135,0.2239,0.3928,0.3816,0.2383,-0.217,0.2244,0.3151,0.3816,-0.2967,-0.3615,0.4207,-0.4945,-0.2263,0.4211,0.2434,0.3165,0.2226,0.4016,0.274
39,k__Bacteria;p__Proteobacteria;c__Epsilonproteobacteria;o__Campylobacterales;f__Helicobacteraceae,-0.282,0.2416,0.2416,0.2416,0.2416,-0.2094,0.2416,0.2416,0.2416,0.2416,-0.2892,0.2416,0.2416,0.2416,-0.3321,0.2416,0.2416,-0.1987,0.2314,0.2902,0.2547,-0.2321,-0.2184,0.2612,0.2559,-0.2469,0.345,-0.2452,-0.2894,-0.2468,-0.4945,-0.24,-0.4945,0.3977,-0.2691,0.2043,0.2437,-0.323,0.2607,-0.2679,0.2238,-0.3188,-0.3697,0.2004,-0.199,-0.2269,-0.3743,-0.296,0.4305,-0.2751,0.1939,-0.3899,-0.4945,-0.2241,0.2545,-0.4089,0.2787,0.2533,-0.3393,-0.3835,-0.2515,-0.2427,0.2382,-0.231,-0.2552,-0.2843,-0.2783,-0.3236,-0.2102,-0.2471,0.2998,0.2135,0.2239,0.3928,0.3816,0.2383,-0.217,0.2244,0.3151,0.3816,-0.2967,-0.3615,0.4207,-0.4945,-0.2263,0.4211,0.2434,0.3165,0.2226,0.4016,0.274
40,k__Bacteria;p__Proteobacteria;c__Gammaproteobacteria;o__Aeromonadales;f__Succinivibrionaceae,-0.282,0.2416,0.2416,0.2416,0.2416,-0.2094,0.2416,0.2416,0.2416,0.2416,-0.2892,0.2416,0.2416,0.2416,-0.3321,0.2416,0.2416,-0.1987,0.2314,0.2902,0.2547,-0.2321,-0.2184,0.2612,0.2559,-0.2469,0.345,-0.2452,-0.2894,-0.2468,-0.4945,-0.24,-0.4945,0.3977,-0.2691,0.2043,0.2437,-0.323,0.2607,-0.2679,0.2238,-0.3188,-0.3697,0.2004,-0.199,-0.2269,-0.3743,-0.296,0.4305,-0.2751,0.1939,-0.3899,-0.4945,-0.2241,0.2545,-0.4089,0.2787,0.2533,-0.3393,-0.3835,-0.2515,-0.2427,0.2382,-0.231,-0.2552,-0.2843,-0.2783,-0.3236,-0.2102,-0.2471,0.2998,0.2135,0.2239,0.3928,0.3816,0.2383,-0.217,0.2244,0.3151,0.3816,-0.2967,-0.3615,0.4207,-0.4945,-0.2263,0.4211,0.2434,0.3165,0.2226,0.4016,0.274
41,k__Bacteria;p__Proteobacteria;c__Gammaproteobacteria;o__Cardiobacteriales;f__Cardiobacteriaceae,-0.282,0.2416,0.2416,0.2416,0.2416,-0.2094,0.2416,0.2416,0.2416,0.2416,-0.2892,0.2416,0.2416,0.2416,-0.3321,0.2416,0.2416,-0.1987,0.2314,0.2902,0.2547,-0.2321,-0.2184,0.2612,0.2559,-0.2469,0.345,-0.2452,-0.2894,-0.2468,-0.4945,-0.24,-0.4945,0.3977,-0.2691,0.2043,0.2437,-0.323,0.2607,-0.2679,0.2238,-0.3188,-0.3697,0.2004,-0.199,-0.2269,-0.3743,-0.296,0.4305,-0.2751,0.1939,-0.3899,-0.4945,-0.2241,0.2545,-0.4089,0.2787,0.2533,-0.3393,-0.3835,-0.2515,-0.2427,0.2382,-0.231,-0.2552,-0.2843,-0.2783,-0.3236,-0.2102,-0.2471,0.2998,0.2135,0.2239,0.3928,0.3816,0.2383,-0.217,0.2244,0.3151,0.3816,-0.2967,-0.3615,0.4207,-0.4945,-0.2263,0.4211,0.2434,0.3165,0.2226,0.4016,0.274
42,k__Bacteria;p__Spirochaetes;c__Spirochaetes;o__Spirochaetales;f__Spirochaetaceae,-0.282,0.2416,0.2416,0.2416,0.2416,-0.2094,0.2416,0.2416,0.2416,0.2416,-0.2892,0.2416,0.2416,0.2416,-0.3321,0.2416,0.2416,-0.1987,0.2314,0.2902,0.2547,-0.2321,-0.2184,0.2612,0.2559,-0.2469,0.345,-0.2452,-0.2894,-0.2468,-0.4945,-0.24,-0.4945,0.3977,-0.2691,0.2043,0.2437,-0.323,0.2607,-0.2679,0.2238,-0.3188,-0.3697,0.2004,-0.199,-0.2269,-0.3743,-0.296,0.4305,-0.2751,0.1939,-0.3899,-0.4945,-0.2241,0.2545,-0.4089,0.2787,0.2533,-0.3393,-0.3835,-0.2515,-0.2427,0.2382,-0.231,-0.2552,-0.2843,-0.2783,-0.3236,-0.2102,-0.2471,0.2998,0.2135,0.2239,0.3928,0.3816,0.2383,-0.217,0.2244,0.3151,0.3816,-0.2967,-0.3615,0.4207,-0.4945,-0.2263,0.4211,0.2434,0.3165,0.2226,0.4016,0.274
43,k__Bacteria;p__TM7;c__TM7-3;o__CW040;f__F16,-0.282,0.2416,0.2416,0.2416,0.2416,-0.2094,0.2416,0.2416,0.2416,0.2416,-0.2892,0.2416,0.2416,0.2416,-0.3321,0.2416,0.2416,-0.1987,0.2314,0.2902,0.2547,-0.2321,-0.2184,0.2612,0.2559,-0.2469,0.345,-0.2452,-0.2894,-0.2468,-0.4945,-0.24,-0.4945,0.3977,-0.2691,0.2043,0.2437,-0.323,0.2607,-0.2679,0.2238,-0.3188,-0.3697,0.2004,-0.199,-0.2269,-0.3743,-0.296,0.4305,-0.2751,0.1939,-0.3899,-0.4945,-0.2241,0.2545,-0.4089,0.2787,0.2533,-0.3393,-0.3835,-0.2515,-0.2427,0.2382,-0.231,-0.2552,-0.2843,-0.2783,-0.3236,-0.2102,-0.2471,0.2998,0.2135,0.2239,0.3928,0.3816,0.2383,-0.217,0.2244,0.3151,0.3816,-0.2967,-0.3615,0.4207,-0.4945,-0.2263,0.4211,0.2434,0.3165,0.2226,0.4016,0.274
44,k__Bacteria;p__Planctomycetes;c__Planctomycetia;o__Gemmatales;f__Gemmataceae,-0.2964,0.2145,0.2145,0.2145,0.2145,-0.1567,0.2145,0.2145,0.2145,0.2145,-0.243,0.2145,0.2145,0.2145,-0.2893,0.2145,0.2145,-0.2248,0.2018,0.2316,0.2225,-0.2298,-0.1648,0.2177,0.2062,-0.2713,0.3123,-0.185,-0.245,-0.2241,-0.5114,-0.261,-0.5114,0.3645,-0.2937,0.2078,0.2038,-0.2634,0.2199,-0.2323,0.196,-0.3449,-0.2871,0.2035,-0.1857,-0.2169,-0.3977,-0.2522,0.4029,-0.229,0.1606,-0.2732,-0.5114,-0.2209,0.2289,-0.428,0.2798,0.2098,-0.3557,-0.2669,-0.2246,-0.2682,0.2101,-0.2027,-0.275,-0.2487,-0.312,-0.2673,-0.1517,-0.2318,0.2653,0.1872,0.1962,0.3642,0.3523,0.2104,-0.1684,0.2004,0.2725,0.3523,-0.3145,-0.2701,0.3932,-0.5114,-0.1718,0.3937,0.2106,0.279,0.1785,0.3721,0.251
45,k__Bacteria;p__Firmicutes;c__Bacilli;o__Bacillales;f__Planococcaceae,-0.307,0.1718,0.1718,0.1718,0.1718,-0.1749,0.1718,0.1718,0.1718,0.1718,-0.1767,0.1718,0.1718,0.1718,-0.3164,0.1718,0.1718,-0.2132,0.1559,0.2275,0.1726,-0.2199,-0.1821,0.1526,0.1332,-0.101,0.2591,-0.09846,-0.1779,-0.1869,-0.5193,-0.1088,-0.5193,0.309,-0.1604,0.1198,0.2436,-0.1754,0.2187,-0.1749,0.1528,-0.1613,-0.2917,0.1629,-0.1332,-0.1465,-0.2689,-0.2631,0.354,-0.1601,0.111,-0.2696,-0.5193,-0.1656,0.1877,-0.2653,0.1946,0.2118,-0.2634,-0.2573,-0.1141,-0.1616,0.223,-0.2148,-0.1785,-0.2698,-0.1945,-0.2697,-0.1618,-0.2043,0.3065,0.1938,0.2054,0.315,0.3025,0.2191,-0.142,0.1623,0.3055,0.3025,-0.2311,-0.2729,0.3447,-0.5193,-0.1964,0.3452,0.1602,0.2203,0.1139,0.3214,0.2126
46,k__Bacteria;p__Verrucomicrobia;c__Verrucomicrobiae;o__Verrucomicrobiales;f__Verrucomicrobiaceae,-0.3869,0.2263,0.2263,0.2263,0.2263,-0.2525,0.2263,0.2263,0.2263,0.2263,-0.293,0.2263,0.2263,0.2263,-0.3474,0.2263,0.2263,-0.221,0.2391,0.3143,0.3283,-0.2181,-0.2808,0.306,0.2907,-0.2675,0.4391,-0.2048,-0.3784,-0.3335,-0.6565,-0.2758,-0.6565,0.4029,-0.3363,0.228,0.2616,-0.3949,0.3361,-0.3891,0.2518,-0.3818,-0.4216,0.2249,-0.2208,-0.2133,-0.5253,-0.355,0.4586,-0.339,0.2089,-0.411,-0.6565,-0.2685,0.3235,-0.4156,0.3863,0.2336,-0.4632,-0.5277,-0.2391,-0.3159,0.265,-0.342,-0.3231,-0.3612,-0.3737,-0.4522,-0.2374,-0.2446,0.3549,0.2459,0.2808,0.5828,0.467,0.2488,-0.3099,0.2712,0.4223,0.467,-0.4143,-0.4022,0.5472,-0.6565,-0.2817,0.4473,0.2461,0.4332,0.2637,0.4176,0.3101
47,k__Bacteria;p__Proteobacteria;c__Betaproteobacteria;o__Burkholderiales;f__Comamonadaceae,-0.3907,0.3351,0.3351,0.3351,0.3351,-0.3199,0.3351,0.3351,0.3351,0.3351,-0.4149,0.3351,0.3351,0.3351,-0.4926,0.3351,0.3351,-0.2783,0.3848,0.3995,0.4103,-0.3359,-0.3309,0.3613,0.3513,-0.3048,0.545,-0.2982,-0.4347,-0.3678,-0.6711,-0.3474,-0.6711,0.5586,-0.3912,0.3093,0.351,-0.4676,0.3559,-0.3847,0.3189,-0.3672,-0.5186,0.3234,-0.2962,-0.353,-0.526,-0.4256,0.7745,-0.3497,0.2739,-0.5404,-0.6711,-0.3113,0.3171,-0.5636,0.3613,0.3128,-0.4686,-0.5323,-0.3201,-0.3195,0.3468,-0.3359,-0.3314,-0.3548,-0.3736,-0.4535,-0.3104,-0.3676,0.4735,0.2875,0.3042,0.5679,0.6377,0.4126,-0.2782,0.3114,0.4782,0.6377,-0.4156,-0.5066,0.6052,-0.6711,-0.3521,0.6057,0.3632,0.4843,0.2594,0.4719,0.437
48,k__Bacteria;p__Proteobacteria;c__Betaproteobacteria;o__Burkholderiales;f__Alcaligenaceae,-0.4046,0.3637,0.3637,0.3637,0.3637,-0.2988,0.3637,0.3637,0.3637,0.3637,-0.4293,0.3637,0.3637,0.3637,-0.4474,0.3637,0.3637,-0.2847,0.3001,0.4804,0.3405,-0.3088,-0.2723,0.3821,0.4203,-0.3744,0.4089,-0.3921,-0.4494,-0.3405,-0.6953,-0.3594,-0.6953,0.5956,-0.3512,0.2814,0.3336,-0.4838,0.2816,-0.3532,0.254,-0.4742,-0.5369,0.2485,-0.3063,-0.3298,-0.4457,-0.4404,0.533,-0.4105,0.2868,-0.5597,-0.6953,-0.2965,0.3805,-0.5837,0.3253,0.3636,-0.4163,-0.5512,-0.3909,-0.3256,0.4051,-0.3087,-0.3388,-0.4373,-0.3806,-0.4695,-0.2205,-0.3465,0.3449,0.3489,0.3365,0.4804,0.4641,0.3082,-0.2755,0.3026,0.4171,0.4641,-0.4303,-0.5245,0.52,-0.6953,-0.3226,0.5206,0.3187,0.4257,0.2592,0.4907,0.3299
49,k__Bacteria;p__Proteobacteria;c__Betaproteobacteria;o__Burkholderiales;f__Oxalobacteraceae,-0.4312,0.4656,0.4656,0.4656,0.4656,-0.4658,0.4656,0.4656,0.4656,0.4656,-0.6573,0.4656,0.4656,0.4656,-0.706,0.4656,0.4656,-0.3239,0.5114,0.6177,0.4737,-0.5929,-0.506,0.5226,0.5283,-0.4575,0.851,-0.5381,-0.6543,-0.4614,-0.8855,-0.5358,-0.8855,0.8622,-0.5682,0.4712,0.4104,-0.8142,0.5966,-0.5488,0.5242,-0.6469,-0.7552,0.4022,-0.394,-0.5008,-0.7072,-0.5522,1.052,-0.7112,0.4593,-0.7223,-0.8855,-0.5732,0.501,-0.8323,0.5487,0.6149,-0.719,-0.8877,-0.5317,-0.4568,0.592,-0.6289,-0.4801,-0.4268,-0.4142,-0.6157,-0.4748,-0.5153,0.7236,0.4155,0.4084,0.8483,0.8512,0.5518,-0.4957,0.4072,0.687,0.8512,-0.5377,-0.9703,1.033,-0.8855,-0.5363,1.034,0.54,0.5692,0.5051,0.8502,0.6659
50,k__Bacteria;p__Proteobacteria;c__Alphaproteobacteria;o__Caulobacterales;f__Caulobacteraceae,-0.4341,0.3497,0.3497,0.3497,0.3497,-0.2508,0.3497,0.3497,0.3497,0.3497,-0.4044,0.3497,0.3497,0.3497,-0.4086,0.3497,0.3497,-0.3052,0.3308,0.3868,0.4186,-0.333,-0.2949,0.3565,0.3422,-0.3033,0.4446,-0.3796,-0.3438,-0.3659,-0.747,-0.3846,-0.747,0.5203,-0.3787,0.3074,0.3248,-0.3665,0.396,-0.3806,0.3535,-0.5077,-0.4786,0.2647,-0.2378,-0.2713,-0.5837,-0.3545,0.5777,-0.3841,0.2811,-0.6005,-0.747,-0.3245,0.3254,-0.6265,0.4065,0.3451,-0.5208,-0.5913,-0.326,-0.3962,0.2975,-0.3323,-0.4046,-0.4136,-0.348,-0.5034,-0.311,-0.3719,0.3759,0.3339,0.3537,0.5211,0.5037,0.298,-0.3289,0.3611,0.5274,0.5037,-0.4614,-0.4721,0.5636,-0.747,-0.3467,0.5642,0.3839,0.395,0.3232,0.5323,0.3986
51,k__Bacteria;p__Proteobacteria;c__Betaproteobacteria;o__Neisseriales;f__Neisseriaceae,-0.4743,0.4683,0.4683,0.4683,0.4683,-0.4315,0.4683,0.4683,0.4683,0.4683,-0.5975,0.4683,0.4683,0.4683,-0.7087,0.4683,0.4683,-0.3345,0.489,0.574,0.4853,-0.5037,-0.3972,0.4738,0.4482,-0.4684,0.6822,-0.5577,-0.6117,-0.4396,-0.8405,-0.4618,-0.8405,0.7966,-0.5583,0.371,0.4436,-0.6596,0.5948,-0.4327,0.4713,-0.5539,-0.6229,0.3687,-0.3712,-0.4748,-0.712,-0.529,0.8814,-0.6561,0.3921,-0.7245,-0.8405,-0.4728,0.4998,-0.7408,0.5281,0.5123,-0.6681,-0.8867,-0.5468,-0.5163,0.4585,-0.5546,-0.4279,-0.456,-0.4507,-0.4838,-0.4196,-0.4647,0.6619,0.4083,0.4279,0.7963,0.7702,0.4591,-0.4534,0.4376,0.6762,0.7702,-0.4772,-0.8423,0.8601,-0.8405,-0.4734,0.8611,0.4591,0.6087,0.4853,0.8136,0.5485
52,k__Bacteria;p__Actinobacteria;c__Actinobacteria;o__Bifidobacteriales;f__Bifidobacteriaceae,-0.4833,0.6146,0.6146,0.6146,0.6146,-0.4449,0.6146,0.6146,0.6146,0.6146,-0.4393,0.6146,0.6146,0.6146,-0.7663,0.6146,0.6146,-0.4545,0.4097,0.9404,0.4597,-0.4762,-0.4031,0.5597,0.5331,-0.3241,0.5631,-0.6035,-0.5814,-0.5288,-0.8444,-0.5245,-0.8444,0.6532,-0.5344,0.2057,0.5952,-0.6512,0.5874,-0.4678,0.4342,-0.4031,-0.8266,0.4336,-0.3942,-0.4912,-0.7759,-0.5689,0.8273,-0.5336,0.5477,-0.8708,-0.8444,-0.3418,0.5655,-0.8763,0.5837,0.6438,-0.6734,-0.673,-0.6182,-0.4206,0.5528,-0.2908,-0.5026,-0.6088,-0.5384,-0.6027,-0.5694,-0.5096,0.5494,0.4437,0.32,0.693,0.7567,0.3133,-0.5278,0.4297,0.4213,0.7567,-0.5962,-0.9108,0.7788,-0.8444,-0.4425,0.6319,0.4932,0.8792,0.5454,1.142,0.5324
53,k__Bacteria;p__Proteobacteria;c__Gammaproteobacteria;o__Enterobacteriales;f__Enterobacteriaceae,-0.508,0.4776,0.4776,0.4776,0.4776,-0.3228,0.4776,0.4776,0.4776,0.4776,-0.4408,0.4776,0.4776,0.4776,-0.4334,0.4776,0.4776,-0.3646,0.4303,0.378,0.4105,-0.2617,-0.3139,0.4681,0.4966,-0.5523,0.7249,-0.3916,-0.4342,-0.6005,-0.7804,-0.365,-0.7804,0.7871,-0.6639,0.2995,0.4422,-0.5737,0.4029,-0.5244,0.4747,-0.7857,-0.7751,0.3644,-0.3217,-0.3967,-0.8174,-0.4622,0.7881,-0.4858,0.2495,-0.4585,-0.7804,-0.4827,0.5138,-0.8014,0.5614,0.3729,-0.6249,-0.361,-0.364,-0.4612,0.3487,-0.2748,-0.5264,-0.7021,-0.7246,-0.7172,-0.2437,-0.5311,0.4669,0.4748,0.479,0.6687,0.695,0.4332,-0.383,0.4776,0.4883,0.695,-0.775,-0.6812,0.915,-0.7804,-0.3129,0.8027,0.4312,0.4768,0.4372,0.5184,0.4723
54,k__Bacteria;p__Bacteroidetes;c__Bacteroidia;o__Bacteroidales;f__[Barnesiellaceae],-0.5269,0.3887,0.3887,0.3887,0.3887,-0.4269,0.3887,0.3887,0.3887,0.3887,-0.4833,0.3887,0.3887,0.3887,-0.6404,0.3887,0.3887,-0.3765,0.4588,0.5556,0.4012,-0.2044,-0.3199,0.371,0.3328,-0.3346,0.699,-0.4253,-0.5246,-0.417,-0.9756,-0.3467,-0.9756,0.529,-0.4389,0.3376,0.3497,-0.5933,0.4143,-0.4192,0.3507,-0.3058,-0.589,0.4148,-0.285,-0.4562,-0.5173,-0.5684,0.7489,-0.5052,0.2553,-0.827,-0.9756,-0.337,0.3926,-0.851,0.4319,0.5379,-0.4965,-0.6456,-0.4923,-0.4403,0.3176,-0.4584,-0.4231,-0.3365,-0.4128,-0.5957,-0.399,-0.3822,0.6765,0.2823,0.2761,0.4093,0.6643,0.4049,-0.387,0.293,0.5301,0.6643,-0.4482,-0.6797,0.4662,-0.9756,-0.2864,0.4669,0.4306,0.6308,0.3549,0.6267,0.3899
55,k__Bacteria;p__Actinobacteria;c__Actinobacteria;o__Actinomycetales;f__Actinomycetaceae,-0.5517,0.5249,0.5249,0.5249,0.5249,-0.2904,0.5249,0.5249,0.5249,0.5249,-0.6231,0.5249,0.5249,0.5249,-0.5559,0.5249,0.5249,-0.4662,0.4751,0.5109,0.4818,-0.4396,-0.3438,0.4431,0.5005,-0.574,0.5903,-0.5443,-0.6026,-0.4487,-0.9214,-0.3783,-0.9214,0.704,-0.5457,0.4049,0.4284,-0.6886,0.4848,-0.4198,0.3998,-0.6853,-0.4681,0.3238,-0.3078,-0.389,-0.6131,-0.5099,0.8034,-0.5359,0.3554,-0.8347,-0.9214,-0.4932,0.4124,-0.9436,0.4726,0.5245,-0.5028,-0.46,-0.5613,-0.5219,0.3833,-0.3437,-0.5017,-0.5457,-0.5505,-0.6185,-0.339,-0.461,0.4914,0.463,0.4,0.7183,0.6693,0.462,-0.3314,0.4196,0.6946,0.6693,-0.685,-0.7213,0.7805,-0.9214,-0.38,0.7815,0.4085,0.5583,0.3982,0.716,0.4632
56,k__Bacteria;p__Actinobacteria;c__Actinobacteria;o__Actinomycetales;f__Corynebacteriaceae,-0.5641,0.4833,0.4833,0.4833,0.4833,-0.4188,0.4833,0.4833,0.4833,0.4833,-0.5785,0.4833,0.4833,0.4833,-0.6642,0.4833,0.4833,-0.3974,0.4628,0.5805,0.5094,-0.4643,-0.4369,0.5225,0.5119,-0.4939,0.69,-0.4904,-0.5789,-0.4936,-0.9889,-0.4799,-0.9889,0.7954,-0.5383,0.4085,0.4874,-0.6461,0.5215,-0.5359,0.4475,-0.6377,-0.7395,0.4007,-0.3979,-0.4539,-0.7485,-0.592,0.861,-0.5502,0.3879,-0.7798,-0.9889,-0.4481,0.509,-0.8178,0.5574,0.5066,-0.6787,-0.7671,-0.5029,-0.4853,0.4764,-0.462,-0.5105,-0.5687,-0.5566,-0.6473,-0.4205,-0.4942,0.5997,0.4269,0.4479,0.7856,0.7632,0.4766,-0.4341,0.4487,0.6302,0.7632,-0.5935,-0.7229,0.8414,-0.9889,-0.4526,0.8423,0.4867,0.6329,0.4452,0.8032,0.5479
57,k__Bacteria;p__Bacteroidetes;c__Bacteroidia;o__Bacteroidales;f__Bacteroidaceae,-0.6036,0.6098,0.6098,0.6098,0.6098,-0.558,0.6098,0.6098,0.6098,0.6098,-0.7127,0.6098,0.6098,0.6098,-1.048,0.6098,0.6098,-0.6517,0.8286,0.6988,0.6288,-0.9256,-0.5263,0.615,0.6486,-0.8537,0.9259,-0.7516,-1.054,-0.6262,-1.034,-0.7845,-1.034,1.059,-0.5947,0.7222,0.5438,-1.039,0.8254,-0.6917,0.6152,-0.9259,-0.7076,0.6267,-0.659,-0.729,-0.8719,-0.7893,1.693,-0.812,0.711,-1.001,-1.034,-0.6473,0.6225,-0.9929,0.7576,0.6061,-0.9096,-0.9726,-0.9271,-0.7567,0.7363,-0.8183,-0.7626,-0.5184,-0.6357,-0.7015,-0.697,-0.6725,0.9404,0.6746,0.5918,1.173,1.534,0.721,-0.4227,0.6577,0.8184,1.534,-0.603,-0.806,1.519,-1.034,-0.7092,1.194,0.8205,0.8586,0.6318,1.205,1.125
58,k__Bacteria;p__Firmicutes;c__Bacilli;o__Lactobacillales;f__Aerococcaceae,-0.6403,0.5021,0.5021,0.5021,0.5021,-0.4099,0.5021,0.5021,0.5021,0.5021,-0.7043,0.5021,0.5021,0.5021,-0.768,0.5021,0.5021,-0.4725,0.5829,0.6759,0.5358,-0.5652,-0.4476,0.6211,0.6393,-0.6158,0.6743,-0.5862,-0.723,-0.5511,-1.087,-0.5268,-1.087,0.9402,-0.6574,0.4367,0.5575,-0.7181,0.5382,-0.4471,0.4443,-0.6962,-0.7987,0.4211,-0.4601,-0.5311,-0.8259,-0.6548,1.016,-0.6109,0.4412,-0.8373,-1.087,-0.5116,0.5328,-1.056,0.5759,0.5707,-0.7125,-0.7057,-0.5453,-0.5494,0.6084,-0.4905,-0.5262,-0.5997,-0.6529,-0.6559,-0.3362,-0.5061,0.6431,0.5085,0.4754,0.7962,0.9722,0.5871,-0.4776,0.4194,0.6906,0.9722,-0.6575,-0.8687,0.8713,-1.087,-0.5218,0.8723,0.5976,0.6731,0.4435,0.8126,0.595
59,k__Bacteria;p__Firmicutes;c__Bacilli;o__Lactobacillales;f__Streptococcaceae,-0.6564,0.5008,0.5008,0.5008,0.5008,-0.5152,0.5008,0.5008,0.5008,0.5008,-0.8164,0.5008,0.5008,0.5008,-0.8768,0.5008,0.5008,-0.5519,0.6614,0.873,0.6326,-0.7468,-0.5626,0.8763,0.9219,-0.7089,0.6815,-0.7961,-0.9149,-0.5639,-1.116,-0.6819,-1.116,1.08,-0.6461,0.5487,0.6613,-0.8057,0.6038,-0.5459,0.5759,-0.8801,-0.964,0.4186,-0.5461,-0.6615,-0.9856,-0.8101,1.111,-0.725,0.6192,-0.9464,-1.116,-0.5393,0.561,-1.101,0.688,0.6478,-0.7817,-0.8572,-0.7115,-0.6682,0.7626,-0.5215,-0.6313,-0.7723,-0.788,-0.761,-0.3879,-0.6197,0.763,0.5436,0.4577,0.8323,1.091,0.6452,-0.5608,0.4301,0.7712,1.091,-0.7153,-1.055,0.7628,-1.116,-0.621,0.8012,0.7872,0.6693,0.5961,1.051,0.6616
60,k__Bacteria;p__Proteobacteria;c__Deltaproteobacteria;o__Desulfovibrionales;f__Desulfovibrionaceae,-0.7279,0.7312,0.7312,0.7312,0.7312,-0.3639,0.7312,0.7312,0.7312,0.7312,-0.5042,0.7312,0.7312,0.7312,-0.8161,0.7312,0.7312,-0.629,0.5974,0.6317,0.5962,-0.4809,-0.3334,0.4711,0.4374,-0.6572,0.9063,-0.5203,-0.7118,-0.6852,-1.039,-0.5255,-1.039,0.9749,-0.7656,0.4477,0.5228,-0.8516,0.598,-0.6612,0.4377,-0.7356,-0.4304,0.5326,-0.5066,-0.4855,-0.8558,-0.6662,1.228,-0.5786,0.3608,-0.7294,-1.039,-0.5891,0.6322,-0.888,0.6593,0.4191,-0.8438,-0.4692,-0.6833,-0.6099,0.4604,-0.4417,-0.6483,-0.6622,-0.8037,-0.7593,-0.5623,-0.6004,0.7757,0.5468,0.5193,1.08,1.009,0.6254,-0.3402,0.6618,0.6401,1.009,-1.044,-0.5148,1.189,-1.039,-0.3138,1.189,0.3816,0.8509,0.4496,0.9697,0.7535
61,k__Bacteria;p__Bacteroidetes;c__Bacteroidia;o__Bacteroidales;f__[Paraprevotellaceae],-0.7899,0.6826,0.6826,0.6826,0.6826,-0.5603,0.6826,0.6826,0.6826,0.6826,-0.8465,0.6826,0.6826,0.6826,-0.953,0.6826,0.6826,-0.5733,0.633,0.8801,0.6195,-0.7336,-0.5893,0.5871,0.5381,-0.7008,0.8174,-0.666,-0.8972,-0.5776,-1.349,-0.6738,-1.349,0.9596,-0.7302,0.5821,0.6102,-0.8663,0.7557,-0.7427,0.5918,-0.7767,-0.9739,0.6018,-0.5205,-0.7015,-1.067,-0.7992,1.228,-0.8106,0.5933,-1.093,-1.349,-0.6108,0.6243,-1.138,0.7928,0.8118,-0.9466,-1.077,-0.7807,-0.7368,0.6731,-0.6364,-0.7075,-0.7247,-0.6962,-0.7847,-0.6082,-0.6494,0.7508,0.6013,0.6388,1.171,0.9445,0.5739,-0.5864,0.6472,0.904,0.9445,-0.8428,-1.027,1.085,-1.349,-0.6083,1.086,0.6544,0.8825,0.654,1.213,0.7372
62,k__Bacteria;p__Proteobacteria;c__Gammaproteobacteria;o__Pseudomonadales;f__Moraxellaceae,-0.8012,0.8009,0.8009,0.8009,0.8009,-0.6048,0.8009,0.8009,0.8009,0.8009,-0.8444,0.8009,0.8009,0.8009,-0.9218,0.8009,0.8009,-0.5451,0.6797,0.8204,0.9071,-0.7212,-0.6278,0.7411,0.722,-0.6807,1.004,-0.675,-0.8025,-0.7425,-1.382,-0.7057,-1.382,1.164,-0.7939,0.5967,0.7433,-0.8679,0.7322,-0.7829,0.6499,-0.9323,-0.9625,0.5787,-0.5651,-0.6236,-1.075,-0.8023,1.364,-0.6835,0.582,-1.108,-1.382,-0.6989,0.6965,-1.157,0.7494,0.6197,-0.9616,-1.091,-0.7621,-0.6232,0.6568,-0.6816,-0.6554,-0.8542,-0.664,-0.9276,-0.628,-0.7425,0.8663,0.6862,0.7291,1.261,1.153,0.7262,-0.4912,0.741,0.9618,1.153,-0.8502,-1.036,1.337,-1.382,-0.6633,1.339,0.6163,0.8972,0.5236,1.006,0.8578
63,k__Bacteria;p__Actinobacteria;c__Actinobacteria;o__Actinomycetales;f__Micrococcaceae,-0.8708,0.7933,0.7933,0.7933,0.7933,-0.5191,0.7933,0.7933,0.7933,0.7933,-0.9514,0.7933,0.7933,0.7933,-1.022,0.7933,0.7933,-0.6172,0.7315,0.8718,0.8522,-0.765,-0.62,0.7502,0.7062,-0.7561,1.0,-0.7291,-0.888,-0.7395,-1.466,-0.6757,-1.466,1.18,-0.9508,0.5732,0.7226,-0.9232,0.8111,-0.6981,0.6728,-0.9457,-0.9025,0.6062,-0.5357,-0.6574,-1.209,-0.8165,1.379,-0.7632,0.535,-1.115,-1.466,-0.7807,0.7055,-1.368,0.8242,0.7373,-1.048,-0.8651,-0.7636,-0.7613,0.6419,-0.6478,-0.7387,-0.8122,-0.8172,-0.8889,-0.5766,-0.7366,0.9239,0.7025,0.7037,1.266,1.166,0.7569,-0.552,0.698,1.045,1.166,-1.028,-1.151,1.348,-1.466,-0.6223,1.35,0.6641,0.8659,0.6099,1.117,0.8442
64,k__Bacteria;p__Firmicutes;c__Clostridia;o__Clostridiales;f__Veillonellaceae,-0.9345,1.048,1.048,1.048,1.048,-0.952,1.048,1.048,1.048,1.048,-1.318,1.048,1.048,1.048,-1.508,1.048,1.048,-0.9237,1.32,1.181,1.246,-1.239,-1.094,1.332,1.327,-1.013,1.744,-1.146,-1.353,-1.262,-1.978,-1.256,-1.978,1.847,-1.391,1.113,1.077,-1.525,1.485,-1.236,1.275,-1.377,-1.895,1.054,-0.8998,-1.201,-2.045,-1.178,2.662,-1.257,0.9624,-1.682,-1.978,-1.057,1.075,-2.134,1.193,1.072,-1.393,-1.97,-1.089,-1.045,1.226,-1.158,-1.129,-1.279,-1.11,-1.592,-1.049,-1.366,1.321,1.096,1.214,1.923,2.101,1.237,-1.189,1.156,1.56,2.101,-1.328,-1.74,2.012,-1.978,-1.106,2.17,1.302,1.425,1.053,1.728,1.405
65,k__Bacteria;p__Bacteroidetes;c__Bacteroidia;o__Bacteroidales;f__Rikenellaceae,-0.9375,0.4492,0.4492,0.4492,0.4492,-0.8191,0.4492,0.4492,0.4492,0.4492,-0.2068,0.4492,0.4492,0.4492,-0.6847,0.4492,0.4492,-0.3198,0.478,0.949,0.5099,-0.1891,-0.3674,0.5701,0.4619,-0.222,0.9621,-0.4645,-0.5345,-0.5712,-1.564,-0.2571,-1.564,0.8622,-0.26,0.4001,0.6697,-0.722,0.4816,-0.9416,0.3261,-0.5221,-0.6579,0.3801,-0.3795,-0.4594,-0.3067,-1.281,1.062,-0.5509,0.4132,-0.763,-1.564,-0.5082,0.6301,-0.2961,0.6904,0.7525,-0.8378,-1.027,-0.6889,-0.3258,0.4734,-0.7587,-0.4876,-0.777,-0.5856,-0.9748,-0.7117,-0.5384,1.211,0.4984,0.3159,0.9223,0.9814,0.4936,-0.2812,0.5208,0.674,0.9814,-0.6416,-0.6151,1.009,-1.564,-0.2979,0.9306,0.4748,0.754,0.5414,0.8502,0.7443
66,k__Bacteria;p__Proteobacteria;c__Epsilonproteobacteria;o__Campylobacterales;f__Campylobacteraceae,-0.9459,0.7662,0.7662,0.7662,0.7662,-0.6313,0.7662,0.7662,0.7662,0.7662,-0.9017,0.7662,0.7662,0.7662,-1.047,0.7662,0.7662,-0.6447,0.7296,0.891,0.8036,-0.7626,-0.7056,0.8124,0.7881,-0.778,1.101,-0.7948,-0.9044,-0.7881,-1.649,-0.8147,-1.649,1.274,-0.8385,0.6355,0.7586,-0.9981,0.8709,-0.8433,0.7563,-1.08,-1.244,0.664,-0.6013,-0.7369,-1.26,-0.9268,1.388,-0.8552,0.639,-1.308,-1.649,-0.6929,0.8102,-1.369,0.92,0.7863,-1.137,-1.287,-0.7347,-0.8286,0.7538,-0.7298,-0.8636,-0.8975,-0.8809,-1.089,-0.6726,-0.7974,0.9497,0.7194,0.7569,1.263,1.225,0.7543,-0.7478,0.7627,1.084,1.225,-0.9981,-1.089,1.356,-1.649,-0.7845,1.358,0.8222,1.001,0.7339,1.291,0.9341
67,k__Bacteria;p__Bacteroidetes;c__Bacteroidia;o__Bacteroidales;f__Porphyromonadaceae,-0.9752,1.004,1.004,1.004,1.004,-0.8486,1.004,1.004,1.004,1.004,-1.306,1.004,1.004,1.004,-1.413,1.004,1.004,-0.7773,0.935,1.291,0.8658,-0.8781,-0.7651,0.9843,0.9524,-0.9967,1.305,-1.008,-1.418,-1.178,-1.653,-0.8121,-1.653,1.642,-1.11,0.782,0.9721,-1.247,1.212,-1.087,0.7714,-1.093,-1.412,0.8806,-0.9821,-0.9626,-1.14,-1.057,1.807,-1.368,0.842,-1.397,-1.653,-0.8613,1.039,-1.228,0.9474,1.163,-1.425,-1.274,-0.9263,-1.099,0.8562,-0.9227,-1.111,-1.122,-1.169,-1.217,-1.035,-0.9334,1.203,0.9446,0.8522,1.481,1.6,0.9417,-0.8995,0.8645,1.272,1.6,-1.229,-1.634,1.772,-1.653,-0.7943,1.561,0.9709,1.244,1.107,1.528,1.075
68,k__Bacteria;p__Firmicutes;c__Clostridia;o__Clostridiales;f__[Tissierellaceae],-0.9875,0.9857,0.9857,0.9857,0.9857,-0.7081,0.9857,0.9857,0.9857,0.9857,-1.173,0.9857,0.9857,0.9857,-1.206,0.9857,0.9857,-0.7547,0.8405,1.157,0.926,-0.8988,-0.9068,1.043,1.019,-1.011,1.276,-0.9299,-1.197,-1.017,-1.959,-0.776,-1.959,1.48,-1.097,0.7263,0.9547,-1.315,1.035,-0.9705,0.8145,-1.294,-1.271,0.7862,-0.7476,-0.8629,-1.504,-1.063,1.62,-0.977,0.7543,-1.558,-1.959,-0.9421,0.9385,-1.63,1.087,1.012,-1.354,-1.256,-0.9242,-0.9964,0.8701,-0.8416,-1.034,-1.034,-1.152,-1.299,-0.7813,-0.9306,1.097,0.8593,0.8152,1.471,1.426,0.9611,-0.9033,0.8247,1.14,1.426,-1.191,-1.451,1.582,-1.959,-0.8604,1.583,0.9834,1.156,0.8665,1.503,1.02
69,k__Bacteria;p__Firmicutes;c__Bacilli;o__Lactobacillales;f__Leuconostocaceae,-1.142,0.6965,0.6965,0.6965,0.6965,-0.921,0.6965,0.6965,0.6965,0.6965,-1.196,0.6965,0.6965,0.6965,-1.392,0.6965,0.6965,-0.7456,0.8548,1.075,0.8471,-0.879,-0.7944,0.8688,0.95,-0.9151,1.174,-0.884,-1.207,-0.641,-1.76,-0.8432,-1.76,1.34,-0.7996,0.8325,0.9,-1.174,0.8557,-0.8946,0.6976,-1.06,-1.4,0.7086,-0.7491,-0.9845,-1.029,-1.239,1.528,-1.138,0.7534,-1.544,-1.76,-0.686,0.8351,-1.487,0.9659,1.111,-1.042,-1.246,-0.9155,-0.9694,0.8107,-0.8529,-0.8985,-0.9653,-1.02,-0.9639,-0.6388,-0.8599,1.212,0.7291,0.678,1.13,1.343,0.9244,-0.6114,0.6,1.327,1.343,-0.9113,-1.485,1.103,-1.76,-0.8516,1.238,0.8969,1.131,0.7381,1.381,0.8287
70,k__Bacteria;p__Firmicutes;c__Clostridia;o__Clostridiales;f__Peptostreptococcaceae,-1.265,0.9974,0.9974,0.9974,0.9974,-1.175,0.9974,0.9974,0.9974,0.9974,-1.501,0.9974,0.9974,0.9974,-1.443,0.9974,0.9974,-0.7603,1.1,1.26,1.215,-0.9841,-0.998,1.263,1.206,-1.125,1.656,-1.191,-1.184,-0.8847,-2.241,-1.102,-2.241,1.796,-1.231,0.9494,1.186,-1.254,1.178,-1.209,1.12,-1.629,-1.651,0.7265,-0.995,-1.004,-1.72,-1.341,1.467,-1.68,0.9919,-1.694,-2.241,-1.165,1.101,-1.792,1.389,1.364,-1.565,-2.078,-1.398,-1.326,1.061,-1.291,-1.164,-1.479,-0.983,-1.308,-0.8738,-1.18,1.676,0.7697,0.8601,1.473,1.72,0.927,-0.9963,0.8737,1.264,1.72,-1.019,-2.06,1.457,-2.241,-1.025,1.855,1.02,1.413,1.021,1.879,0.8503
71,k__Bacteria;p__Proteobacteria;c__Gammaproteobacteria;o__Xanthomonadales;f__Xanthomonadaceae,-1.268,1.202,1.202,1.202,1.202,-0.9217,1.202,1.202,1.202,1.202,-1.383,1.202,1.202,1.202,-1.466,1.202,1.202,-0.919,1.068,1.361,1.28,-1.099,-1.031,1.228,1.199,-1.137,1.561,-1.137,-1.336,-1.201,-2.305,-1.067,-2.305,1.809,-1.295,0.948,1.155,-1.464,1.218,-1.232,1.028,-1.526,-1.554,0.9166,-0.9022,-1.001,-1.772,-1.29,2.016,-1.205,0.9114,-1.835,-2.305,-1.115,1.13,-1.919,1.274,1.148,-1.594,-1.688,-1.18,-1.131,1.054,-1.069,-1.18,-1.325,-1.243,-1.531,-0.9843,-1.165,1.345,1.044,1.064,1.842,1.755,1.123,-0.9688,1.076,1.476,1.755,-1.403,-1.71,1.971,-2.305,-1.042,1.973,1.12,1.411,0.9829,1.757,1.271
72,k__Bacteria;p__Firmicutes;c__Clostridia;o__Clostridiales;f__Ruminococcaceae,-1.591,1.514,1.514,1.514,1.514,-2.101,1.514,1.514,1.514,1.514,-1.383,1.514,1.514,1.514,-2.42,1.514,1.514,-0.946,1.492,2.228,1.871,-1.001,-1.237,1.053,0.7215,-0.6059,2.358,-1.573,-1.641,-1.542,-3.364,-0.7781,-3.364,2.014,-1.284,0.7738,1.573,-1.893,1.895,-1.681,1.303,-0.5397,-1.475,1.347,-1.165,-1.337,-1.869,-2.293,2.652,-1.449,0.9094,-2.488,-3.364,-1.432,1.699,-0.6418,1.59,1.385,-2.162,-3.74,-2.013,-1.386,1.484,-2.198,-1.068,-1.666,-0.8729,-1.527,-1.884,-1.672,3.097,1.097,1.143,1.834,2.755,1.149,-1.091,1.432,1.885,2.755,-0.6351,-2.32,3.021,-3.364,-1.586,2.068,1.177,2.414,0.9347,2.172,1.595
73,k__Bacteria;p__Firmicutes;c__Clostridia;o__Clostridiales;f__Clostridiaceae,-1.681,1.435,1.435,1.435,1.435,-1.484,1.435,1.435,1.435,1.435,-1.618,1.435,1.435,1.435,-1.762,1.435,1.435,-1.168,1.307,1.451,1.576,-1.021,-1.387,1.59,1.449,-1.432,2.426,-1.397,-1.322,-1.679,-3.353,-1.249,-3.353,2.46,-1.812,1.094,1.442,-2.112,1.627,-1.801,1.57,-2.135,-2.483,1.178,-1.111,-1.319,-2.6,-1.794,2.296,-1.837,1.126,-2.56,-3.353,-1.467,1.715,-2.362,1.917,1.428,-2.07,-2.991,-1.598,-1.686,1.532,-1.47,-1.738,-2.09,-1.739,-2.263,-1.393,-1.798,1.954,1.203,1.497,2.309,2.205,1.199,-1.542,1.433,1.654,2.205,-1.773,-2.281,2.327,-3.353,-1.412,2.694,1.49,2.068,1.227,2.325,1.403
74,k__Bacteria;p__Firmicutes;c__Erysipelotrichi;o__Erysipelotrichales;f__Erysipelotrichaceae,-1.811,1.36,1.36,1.36,1.36,-1.755,1.36,1.36,1.36,1.36,-2.1,1.36,1.36,1.36,-2.62,1.36,1.36,-1.356,1.62,1.864,1.495,-1.39,-1.382,1.747,1.901,-1.554,2.244,-1.736,-2.306,-1.68,-3.427,-1.125,-3.427,2.901,-1.484,1.245,1.603,-2.638,1.727,-1.67,1.581,-1.607,-2.476,1.2,-1.372,-1.56,-1.597,-2.244,2.947,-1.878,1.253,-3.093,-3.427,-1.367,1.609,-2.025,1.379,1.531,-1.908,-2.572,-1.738,-1.709,1.581,-1.543,-1.764,-2.046,-1.973,-2.103,-1.784,-1.383,2.551,1.149,1.151,2.067,2.831,1.612,-1.208,1.004,2.167,2.831,-1.518,-2.647,2.575,-3.427,-1.548,2.322,1.594,2.088,1.393,2.308,1.767
75,k__Bacteria;p__Actinobacteria;c__Coriobacteriia;o__Coriobacteriales;f__Coriobacteriaceae,-2.052,1.663,1.663,1.663,1.663,-1.854,1.663,1.663,1.663,1.663,-2.048,1.663,1.663,1.663,-2.739,1.663,1.663,-1.522,1.778,2.484,1.797,-1.587,-1.748,2.061,2.019,-1.665,2.45,-1.97,-2.599,-1.68,-4.085,-1.598,-4.085,2.76,-1.729,1.616,1.905,-2.76,2.066,-2.174,1.613,-1.908,-2.257,1.485,-1.589,-1.825,-2.57,-2.594,3.227,-2.279,1.548,-3.298,-4.085,-1.572,1.936,-2.565,1.984,1.991,-2.4,-3.423,-2.218,-2.151,1.829,-2.033,-2.076,-2.139,-2.209,-2.447,-1.832,-1.727,2.604,1.415,1.368,2.997,2.749,1.63,-1.617,1.464,2.52,2.749,-2.032,-2.709,2.607,-4.085,-1.646,2.667,1.787,2.559,1.643,3.278,1.846
76,k__Bacteria;p__Firmicutes;c__Clostridia;o__Clostridiales;f__Lachnospiraceae,-2.221,1.612,1.612,1.612,1.612,-2.329,1.612,1.612,1.612,1.612,-2.616,1.612,1.612,1.612,-3.998,1.612,1.612,-2.308,2.817,2.412,2.468,-1.905,-1.916,2.888,2.446,-1.447,3.812,-2.404,-2.821,-2.139,-4.358,-1.755,-4.358,3.946,-2.257,1.666,2.438,-3.302,2.855,-1.98,2.196,-1.531,-2.893,2.023,-1.976,-2.109,-2.798,-2.878,4.086,-3.072,1.38,-3.523,-4.358,-1.631,2.31,-3.04,1.876,2.286,-2.578,-3.431,-2.378,-2.417,2.413,-2.219,-2.4,-2.368,-2.842,-2.436,-2.497,-2.373,3.983,1.082,1.201,3.41,4.273,2.444,-1.852,1.746,2.984,4.273,-2.202,-3.78,3.59,-4.358,-1.819,3.226,1.959,3.505,1.983,3.966,2.341
77,k__Bacteria;p__Firmicutes;c__Bacilli;o__Lactobacillales;f__Lactobacillaceae,-2.241,2.089,2.089,2.089,2.089,-1.738,2.089,2.089,2.089,2.089,-2.501,2.089,2.089,2.089,-2.426,2.089,2.089,-1.744,1.822,2.56,2.284,-1.755,-1.761,2.319,2.266,-2.052,2.689,-2.082,-2.265,-2.164,-3.795,-1.918,-3.795,2.932,-2.34,1.908,2.017,-2.358,2.047,-2.433,1.743,-2.739,-2.713,1.472,-1.563,-1.731,-3.181,-2.221,3.309,-2.341,1.722,-3.191,-3.795,-1.948,1.973,-3.464,2.403,2.205,-2.686,-2.975,-2.321,-1.992,1.903,-1.882,-2.066,-2.561,-2.176,-2.813,-1.793,-2.162,2.061,1.833,1.866,2.892,2.994,1.834,-1.721,1.922,2.281,2.994,-2.486,-3.052,2.874,-3.795,-1.604,3.121,2.072,2.369,1.763,3.307,1.926
