Bactera_f	rs2691065	11:82641157	rs10431163	rs10736758	rs10751082	rs10835194	rs1318423	rs2086298	rs2127363	rs2170010	rs3758803	rs7106519	rs7106981	rs7116170	rs76384282	rs7947047	rs7947363	rs1874309	rs206962	rs55894119	rs7136158	rs7957748	rs9593	rs1799943	rs1799955	rs2816736	rs77136548	rs9921024	rs16946952	rs1875233	rs3812955	rs718081	rs7197071	rs35306109	rs2411409	rs2604482	rs2919643	rs884545	rs10408143	rs7254457	rs8102600	rs10751768	rs11587434	rs2311859	rs3813795	rs6674129	rs6684903	rs7530353	rs141042944	rs12626593	rs16989710	rs7276997	rs149068240	rs5761857	rs10495786	rs116947984	rs3927971	rs6546191	rs72819762	rs73974034	rs10049135	rs1143671	rs1447826	rs17051772	rs17849995	rs3817672	rs55639070	rs62264176	rs10520510	rs17539368	rs2097769	rs309890	rs4695383	rs73030832	rs1008114	rs17097189	rs181328	rs1960477	rs72741294	rs72791070	rs76795332	rs12176131	rs146775538	rs145093227	rs3847055	rs13266653	rs1002420	rs4744122	rs755383	rs76704711	rs9411160
f__Desulfovibrionaceae	-0.7279	0.7312	0.7312	0.7312	0.7312	-0.3639	0.7312	0.7312	0.7312	0.7312	-0.5042	0.7312	0.7312	0.7312	-0.8161	0.7312	0.7312	-0.629	0.5974	0.6317	0.5962	-0.4809	-0.3334	0.4711	0.4374	-0.6572	0.9063	-0.5203	-0.7118	-0.6852	-1.0390000000000001	-0.5255	-1.0390000000000001	0.9749	-0.7656	0.4477	0.5228	-0.8516	0.598	-0.6612	0.4377	-0.7356	-0.4304	0.5326	-0.5066	-0.4855	-0.8558	-0.6662	1.228	-0.5786	0.3608	-0.7294	-1.0390000000000001	-0.5891	0.6322	-0.888	0.6593	0.4191	-0.8438	-0.4692	-0.6833	-0.6099	0.4604	-0.4417	-0.6483	-0.6622	-0.8037	-0.7593	-0.5623	-0.6004	0.7757	0.5468	0.5193	1.08	1.0090000000000001	0.6254	-0.3402	0.6618	0.6401	1.0090000000000001	-1.044	-0.5148	1.189	-1.0390000000000001	-0.3138	1.189	0.3816	0.8509	0.4496	0.9697	0.7535
f__Porphyromonadaceae	-0.9752	1.004	1.004	1.004	1.004	-0.8486	1.004	1.004	1.004	1.004	-1.306	1.004	1.004	1.004	-1.413	1.004	1.004	-0.7773	0.935	1.291	0.8658	-0.8781	-0.7651	0.9843	0.9524	-0.9967	1.305	-1.008	-1.4180000000000001	-1.178	-1.653	-0.8121	-1.653	1.642	-1.11	0.782	0.9721	-1.247	1.212	-1.087	0.7714	-1.093	-1.412	0.8806	-0.9821	-0.9626	-1.14	-1.057	1.807	-1.368	0.8420000000000001	-1.3969999999999998	-1.653	-0.8613	1.0390000000000001	-1.228	0.9474	1.163	-1.425	-1.274	-0.9263	-1.099	0.8562	-0.9227	-1.111	-1.122	-1.169	-1.217	-1.035	-0.9334	1.203	0.9446	0.8522	1.4809999999999999	1.6	0.9417	-0.8995	0.8645	1.272	1.6	-1.229	-1.6340000000000001	1.7719999999999998	-1.653	-0.7943	1.561	0.9709	1.244	1.107	1.528	1.075
f__Rhodobacteraceae	-0.1083	0.1579	0.1579	0.1579	0.1579	-0.06872	0.1579	0.1579	0.1579	0.1579	-0.1857	0.1579	0.1579	0.1579	-0.1476	0.1579	0.1579	-0.1038	0.10300000000000001	0.1769	0.1138	-0.1293	-0.15	0.1602	0.1555	-0.1629	0.1644	-0.1274	-0.1967	-0.1661	-0.2961	-0.0623	-0.2961	0.1938	-0.1756	0.08363999999999999	0.1409	-0.2098	0.1572	-0.11800000000000001	0.1004	-0.2052	-0.1312	0.1164	-0.1002	-0.11900000000000001	-0.2342	-0.1262	0.2177	-0.1121	0.1096	-0.2397	-0.2961	-0.1595	0.1199	-0.2496	0.1589	0.1557	-0.2077	-0.1068	-0.11699999999999999	-0.1616	0.1083	-0.1041	-0.1633	-0.1273	-0.1895	-0.2018	-0.1018	-0.1254	0.1371	0.1341	0.1005	0.1954	0.1884	0.1506	-0.1501	0.1044	0.1381	0.1884	-0.1849	-0.2254	0.2123	-0.2961	-0.1186	0.2125	0.1547	0.1437	0.1261	0.1995	0.1334
f__Streptococcaceae	-0.6564	0.5008	0.5008	0.5008	0.5008	-0.5152	0.5008	0.5008	0.5008	0.5008	-0.8164	0.5008	0.5008	0.5008	-0.8768	0.5008	0.5008	-0.5519	0.6614	0.873	0.6326	-0.7468	-0.5626	0.8763	0.9219	-0.7089	0.6815	-0.7961	-0.9149	-0.5639	-1.1159999999999999	-0.6819	-1.1159999999999999	1.08	-0.6461	0.5487	0.6613	-0.8057	0.6038	-0.5459	0.5759	-0.8801	-0.9640000000000001	0.4186	-0.5461	-0.6615	-0.9856	-0.8101	1.111	-0.725	0.6192	-0.9464	-1.1159999999999999	-0.5393	0.561	-1.101	0.688	0.6478	-0.7817	-0.8572	-0.7115	-0.6682	0.7626	-0.5215	-0.6313	-0.7723	-0.7879999999999999	-0.7609999999999999	-0.3879	-0.6197	0.763	0.5436	0.4577	0.8323	1.091	0.6452	-0.5608	0.4301	0.7712	1.091	-0.7153	-1.055	0.7628	-1.1159999999999999	-0.621	0.8012	0.7872	0.6693	0.5961	1.051	0.6616
f__Bacteroidaceae	-0.6036	0.6098	0.6098	0.6098	0.6098	-0.5579999999999999	0.6098	0.6098	0.6098	0.6098	-0.7127	0.6098	0.6098	0.6098	-1.048	0.6098	0.6098	-0.6517	0.8286	0.6988	0.6288	-0.9256	-0.5263	0.615	0.6486	-0.8537	0.9259	-0.7516	-1.054	-0.6262	-1.034	-0.7845	-1.034	1.0590000000000002	-0.5947	0.7222	0.5438	-1.0390000000000001	0.8254	-0.6917	0.6152	-0.9259	-0.7076	0.6267	-0.659	-0.7290000000000001	-0.8719	-0.7893	1.693	-0.812	0.711	-1.001	-1.034	-0.6473	0.6225	-0.9929	0.7576	0.6061	-0.9096	-0.9726	-0.9271	-0.7567	0.7363	-0.8183	-0.7626	-0.5184	-0.6357	-0.7015	-0.6970000000000001	-0.6725	0.9404	0.6746	0.5918	1.173	1.534	0.721	-0.4227	0.6577	0.8184	1.534	-0.603	-0.8059999999999999	1.5190000000000001	-1.034	-0.7092	1.194	0.8205	0.8586	0.6318	1.205	1.125
f__[Barnesiellaceae]	-0.5269	0.3887	0.3887	0.3887	0.3887	-0.4269	0.3887	0.3887	0.3887	0.3887	-0.4833	0.3887	0.3887	0.3887	-0.6404	0.3887	0.3887	-0.3765	0.4588	0.5556	0.4012	-0.2044	-0.3199	0.371	0.3328	-0.3346	0.6990000000000001	-0.4253	-0.5246	-0.41700000000000004	-0.9756	-0.3467	-0.9756	0.529	-0.4389	0.3376	0.3497	-0.5933	0.4143	-0.4192	0.3507	-0.3058	-0.589	0.4148	-0.285	-0.4562	-0.5173	-0.5684	0.7489	-0.5052	0.2553	-0.8270000000000001	-0.9756	-0.337	0.3926	-0.851	0.4319	0.5379	-0.4965	-0.6456	-0.4923	-0.4403	0.3176	-0.4584	-0.4231	-0.3365	-0.4128	-0.5957	-0.39899999999999997	-0.3822	0.6765	0.2823	0.2761	0.4093	0.6643	0.4049	-0.387	0.293	0.5301	0.6643	-0.4482	-0.6797	0.4662	-0.9756	-0.2864	0.4669	0.4306	0.6308	0.3549	0.6267	0.3899
f__Eubacteriaceae	-0.21600000000000003	0.1887	0.1887	0.1887	0.1887	-0.1592	0.1887	0.1887	0.1887	0.1887	-0.304	0.1887	0.1887	0.1887	-0.2	0.1887	0.1887	-0.2814	0.2624	0.19399999999999998	0.3484	-0.1995	-0.2053	0.2686	0.3233	-0.2022	0.1873	-0.3124	-0.1761	-0.3053	-0.3854	-0.2081	-0.3854	0.2678	-0.2519	0.2397	0.2048	-0.1949	0.2882	-0.2293	0.3033	-0.35100000000000003	-0.1898	0.07307000000000001	-0.1422	-0.1062	-0.3699	-0.1606	0.3549	-0.1809	0.2042	-0.4568	-0.3854	-0.2494	0.133	-0.2385	0.2181	0.1168	-0.2663	-0.3379	-0.2998	-0.2671	0.1612	-0.1409	-0.271	-0.3649	-0.2664	-0.2726	-0.2163	-0.2703	0.1863	0.162	0.1967	0.2098	0.3436	0.1661	-0.1839	0.1511	0.2809	0.3436	-0.1799	-0.2882	0.1216	-0.3854	-0.2165	0.2389	0.3025	0.2407	0.2097	0.3448	0.1689
f__[Paraprevotellaceae]	-0.7899	0.6826	0.6826	0.6826	0.6826	-0.5603	0.6826	0.6826	0.6826	0.6826	-0.8465	0.6826	0.6826	0.6826	-0.953	0.6826	0.6826	-0.5733	0.633	0.8801	0.6195	-0.7336	-0.5893	0.5871	0.5381	-0.7008	0.8174	-0.6659999999999999	-0.8972	-0.5776	-1.349	-0.6738	-1.349	0.9596	-0.7302	0.5821	0.6102	-0.8663	0.7557	-0.7427	0.5918	-0.7767	-0.9739	0.6018	-0.5205	-0.7015	-1.067	-0.7992	1.228	-0.8106	0.5933	-1.093	-1.349	-0.6108	0.6243	-1.138	0.7928	0.8118	-0.9466	-1.077	-0.7807	-0.7368	0.6731	-0.6364	-0.7075	-0.7247	-0.6962	-0.7847	-0.6082	-0.6494	0.7508	0.6013	0.6388	1.171	0.9445	0.5739	-0.5864	0.6472	0.904	0.9445	-0.8428	-1.0270000000000001	1.085	-1.349	-0.6083	1.0859999999999999	0.6544	0.8825	0.654	1.213	0.7372
f__Comamonadaceae	-0.3907	0.3351	0.3351	0.3351	0.3351	-0.3199	0.3351	0.3351	0.3351	0.3351	-0.4149	0.3351	0.3351	0.3351	-0.4926	0.3351	0.3351	-0.2783	0.3848	0.3995	0.4103	-0.3359	-0.3309	0.3613	0.3513	-0.3048	0.545	-0.2982	-0.4347	-0.3678	-0.6711	-0.3474	-0.6711	0.5586	-0.3912	0.3093	0.35100000000000003	-0.4676	0.3559	-0.3847	0.3189	-0.3672	-0.5186	0.3234	-0.2962	-0.353	-0.526	-0.4256	0.7745	-0.3497	0.2739	-0.5404	-0.6711	-0.3113	0.3171	-0.5636	0.3613	0.3128	-0.4686	-0.5323	-0.3201	-0.3195	0.3468	-0.3359	-0.3314	-0.3548	-0.3736	-0.4535	-0.3104	-0.3676	0.4735	0.2875	0.3042	0.5679	0.6377	0.4126	-0.2782	0.3114	0.4782	0.6377	-0.4156	-0.5066	0.6052	-0.6711	-0.3521	0.6057	0.3632	0.4843	0.2594	0.4719	0.43700000000000006
f__Alcaligenaceae	-0.4046	0.3637	0.3637	0.3637	0.3637	-0.2988	0.3637	0.3637	0.3637	0.3637	-0.4293	0.3637	0.3637	0.3637	-0.4474	0.3637	0.3637	-0.2847	0.3001	0.4804	0.3405	-0.3088	-0.2723	0.3821	0.4203	-0.3744	0.4089	-0.3921	-0.4494	-0.3405	-0.6953	-0.3594	-0.6953	0.5956	-0.3512	0.2814	0.3336	-0.4838	0.2816	-0.3532	0.254	-0.4742	-0.5369	0.2485	-0.3063	-0.3298	-0.4457	-0.4404	0.5329999999999999	-0.4105	0.2868	-0.5597	-0.6953	-0.2965	0.3805	-0.5837	0.3253	0.3636	-0.4163	-0.5512	-0.3909	-0.3256	0.4051	-0.3087	-0.3388	-0.4373	-0.3806	-0.4695	-0.2205	-0.3465	0.3449	0.3489	0.3365	0.4804	0.4641	0.3082	-0.2755	0.3026	0.4171	0.4641	-0.4303	-0.5245	0.52	-0.6953	-0.3226	0.5206	0.3187	0.4257	0.2592	0.4907	0.3299
f__Pasteurellaceae	0.0729	-0.04434	-0.04434	-0.04434	-0.04434	-0.0601	-0.04434	-0.04434	-0.04434	-0.04434	0.08777	-0.04434	-0.04434	-0.04434	0.04977	-0.04434	-0.04434	0.07476000000000001	-0.02768	0.021509999999999998	-0.06713	0.02841	0.02575	-0.04496	-0.03743	0.1261	0.04808	0.05125	0.06258999999999999	0.1263	0.2972	0.022940000000000002	0.2972	-0.042589999999999996	0.10099999999999999	-0.09222999999999999	-0.008935	0.1464	-0.08682000000000001	0.04205	-0.01004	0.06974	0.1601	-0.06602999999999999	-0.0116	-0.004224	0.1298	0.024630000000000003	-0.06371	-0.1312	0.0066879999999999995	0.2606	0.2972	-0.0041670000000000006	-0.004877	0.2611	-0.06589	0.033960000000000004	0.04314	-0.02461	0.00824	0.08523	0.03936	-0.1099	0.182	0.08212	0.1917	0.1485	0.102	0.02775	0.048960000000000004	-0.012490000000000001	-0.008354	-0.067	-0.09337000000000001	-0.05889	0.07453	-0.03399	-0.1071	-0.09337000000000001	0.1541	-0.03904	-0.06625	0.2972	-0.006987999999999999	-0.06613	-0.08487	-0.1074	-0.04792	-0.08819	-0.08184
f__Enterobacteriaceae	-0.508	0.4776	0.4776	0.4776	0.4776	-0.3228	0.4776	0.4776	0.4776	0.4776	-0.4408	0.4776	0.4776	0.4776	-0.4334	0.4776	0.4776	-0.3646	0.4303	0.37799999999999995	0.4105	-0.2617	-0.3139	0.4681	0.4966	-0.5523	0.7249	-0.3916	-0.4342	-0.6005	-0.7804	-0.365	-0.7804	0.7871	-0.6639	0.2995	0.4422	-0.5737	0.4029	-0.5244	0.4747	-0.7857	-0.7751	0.3644	-0.3217	-0.3967	-0.8174	-0.4622	0.7881	-0.4858	0.2495	-0.4585	-0.7804	-0.4827	0.5138	-0.8014	0.5614	0.3729	-0.6249	-0.361	-0.364	-0.4612	0.3487	-0.2748	-0.5264	-0.7021	-0.7246	-0.7172	-0.2437	-0.5311	0.4669	0.4748	0.479	0.6687	0.695	0.4332	-0.38299999999999995	0.4776	0.4883	0.695	-0.775	-0.6812	0.915	-0.7804	-0.3129	0.8027	0.4312	0.4768	0.4372	0.5184	0.4723
f__Neisseriaceae	-0.4743	0.4683	0.4683	0.4683	0.4683	-0.4315	0.4683	0.4683	0.4683	0.4683	-0.5975	0.4683	0.4683	0.4683	-0.7087	0.4683	0.4683	-0.3345	0.489	0.574	0.4853	-0.5037	-0.3972	0.4738	0.4482	-0.4684	0.6822	-0.5577	-0.6117	-0.4396	-0.8405	-0.4618	-0.8405	0.7966	-0.5583	0.371	0.4436	-0.6596	0.5948	-0.4327	0.4713	-0.5539	-0.6229	0.3687	-0.3712	-0.4748	-0.7120000000000001	-0.529	0.8814	-0.6561	0.3921	-0.7245	-0.8405	-0.4728	0.4998	-0.7408	0.5281	0.5123	-0.6681	-0.8867	-0.5468	-0.5163	0.4585	-0.5546	-0.4279	-0.456	-0.4507	-0.4838	-0.4196	-0.4647	0.6619	0.4083	0.4279	0.7963	0.7702	0.4591	-0.4534	0.4376	0.6762	0.7702	-0.4772	-0.8423	0.8601	-0.8405	-0.4734	0.8611	0.4591	0.6087	0.4853	0.8136	0.5485
f__Lachnospiraceae	-2.221	1.6119999999999999	1.6119999999999999	1.6119999999999999	1.6119999999999999	-2.329	1.6119999999999999	1.6119999999999999	1.6119999999999999	1.6119999999999999	-2.616	1.6119999999999999	1.6119999999999999	1.6119999999999999	-3.998	1.6119999999999999	1.6119999999999999	-2.3080000000000003	2.8169999999999997	2.412	2.468	-1.905	-1.916	2.888	2.4459999999999997	-1.4469999999999998	3.812	-2.404	-2.821	-2.1390000000000002	-4.3580000000000005	-1.755	-4.3580000000000005	3.946	-2.2569999999999997	1.666	2.438	-3.302	2.855	-1.98	2.1959999999999997	-1.531	-2.8930000000000002	2.023	-1.976	-2.109	-2.798	-2.878	4.086	-3.072	1.38	-3.523	-4.3580000000000005	-1.631	2.31	-3.04	1.876	2.286	-2.5780000000000003	-3.431	-2.378	-2.417	2.4130000000000003	-2.219	-2.4	-2.3680000000000003	-2.842	-2.436	-2.497	-2.373	3.983	1.082	1.2009999999999998	3.41	4.273	2.444	-1.8519999999999999	1.746	2.984	4.273	-2.202	-3.78	3.59	-4.3580000000000005	-1.819	3.2260000000000004	1.959	3.505	1.983	3.966	2.3409999999999997
f__Oxalobacteraceae	-0.4312	0.4656	0.4656	0.4656	0.4656	-0.4658	0.4656	0.4656	0.4656	0.4656	-0.6573	0.4656	0.4656	0.4656	-0.706	0.4656	0.4656	-0.3239	0.5114	0.6177	0.4737	-0.5929	-0.506	0.5226	0.5283	-0.4575	0.851	-0.5381	-0.6543	-0.4614	-0.8855	-0.5358	-0.8855	0.8622	-0.5682	0.4712	0.4104	-0.8142	0.5966	-0.5488	0.5242	-0.6469	-0.7552	0.4022	-0.39399999999999996	-0.5008	-0.7072	-0.5522	1.052	-0.7112	0.4593	-0.7223	-0.8855	-0.5732	0.501	-0.8323	0.5487	0.6149	-0.7190000000000001	-0.8877	-0.5317	-0.4568	0.5920000000000001	-0.6289	-0.4801	-0.4268	-0.4142	-0.6157	-0.4748	-0.5153	0.7236	0.4155	0.4084	0.8483	0.8512	0.5518	-0.4957	0.4072	0.687	0.8512	-0.5377	-0.9703	1.033	-0.8855	-0.5363	1.034	0.54	0.5692	0.5051	0.8502	0.6659
f__Moraxellaceae	-0.8012	0.8009	0.8009	0.8009	0.8009	-0.6048	0.8009	0.8009	0.8009	0.8009	-0.8444	0.8009	0.8009	0.8009	-0.9218	0.8009	0.8009	-0.5451	0.6797	0.8204	0.9071	-0.7212	-0.6278	0.7411	0.722	-0.6807	1.004	-0.675	-0.8025	-0.7425	-1.382	-0.7057	-1.382	1.1640000000000001	-0.7939	0.5967	0.7433	-0.8679	0.7322	-0.7829	0.6499	-0.9323	-0.9625	0.5787	-0.5651	-0.6236	-1.075	-0.8023	1.364	-0.6835	0.5820000000000001	-1.1079999999999999	-1.382	-0.6989	0.6965	-1.157	0.7494	0.6197	-0.9616	-1.091	-0.7621	-0.6232	0.6568	-0.6816	-0.6554	-0.8542	-0.664	-0.9276	-0.628	-0.7425	0.8663	0.6862	0.7291	1.261	1.153	0.7262	-0.4912	0.741	0.9618	1.153	-0.8502	-1.036	1.337	-1.382	-0.6633	1.339	0.6163	0.8972	0.5236	1.006	0.8578
f__Prevotellaceae	0.008962999999999999	0.2573	0.2573	0.2573	0.2573	-0.1897	0.2573	0.2573	0.2573	0.2573	-0.1315	0.2573	0.2573	0.2573	-0.08831	0.2573	0.2573	-0.06645	0.2678	0.3429	0.2761	-0.3071	-0.06017	0.08347	-0.020319999999999998	-0.1135	0.4467	-0.214	-0.3017	-0.03907	0.1976	-0.3554	0.1976	0.244	-0.1955	-0.0001864	0.09917000000000001	-0.1065	0.3702	-0.09795	0.2441	-0.09671	-0.2432	0.341	-0.149	-0.4839	-0.3775	-0.07961	0.5535	-0.5525	0.2351	-0.08068	0.1976	-0.1695	0.1736	-0.2464	0.2079	0.5623	-0.2318	-0.5299	-0.4732	-0.2339	0.1842	-0.4031	0.01685	0.2023	0.225	0.1424	-0.039	-0.2173	0.4628	0.2075	0.32	0.6851	0.1941	-0.1002	-0.2966	0.2747	0.261	0.1941	0.1043	-0.7577	0.3948	0.1976	-0.1947	0.3952	0.1255	0.4531	0.3724	0.2954	0.1504
f__Aerococcaceae	-0.6403	0.5021	0.5021	0.5021	0.5021	-0.4099	0.5021	0.5021	0.5021	0.5021	-0.7043	0.5021	0.5021	0.5021	-0.768	0.5021	0.5021	-0.4725	0.5829	0.6759	0.5358	-0.5652	-0.4476	0.6211	0.6393	-0.6158	0.6743	-0.5862	-0.723	-0.5511	-1.087	-0.5268	-1.087	0.9402	-0.6574	0.4367	0.5575	-0.7181	0.5382	-0.4471	0.4443	-0.6962	-0.7987	0.4211	-0.4601	-0.5311	-0.8259	-0.6548	1.016	-0.6109	0.4412	-0.8373	-1.087	-0.5116	0.5328	-1.056	0.5759	0.5707	-0.7125	-0.7057	-0.5453	-0.5494	0.6084	-0.4905	-0.5262	-0.5997	-0.6529	-0.6559	-0.3362	-0.5061	0.6431	0.5085	0.4754	0.7962	0.9722	0.5871	-0.4776	0.4194	0.6906	0.9722	-0.6575	-0.8687	0.8713	-1.087	-0.5218	0.8723	0.5976	0.6731	0.4435	0.8126	0.595
f__Peptostreptococcaceae	-1.265	0.9974	0.9974	0.9974	0.9974	-1.175	0.9974	0.9974	0.9974	0.9974	-1.501	0.9974	0.9974	0.9974	-1.443	0.9974	0.9974	-0.7603	1.1	1.26	1.215	-0.9841	-0.998	1.263	1.206	-1.125	1.656	-1.1909999999999998	-1.1840000000000002	-0.8847	-2.241	-1.102	-2.241	1.796	-1.2309999999999999	0.9494	1.186	-1.254	1.178	-1.209	1.12	-1.629	-1.651	0.7265	-0.995	-1.004	-1.72	-1.341	1.4669999999999999	-1.68	0.9919	-1.694	-2.241	-1.165	1.101	-1.7919999999999998	1.389	1.364	-1.565	-2.0780000000000003	-1.3980000000000001	-1.3259999999999998	1.061	-1.291	-1.1640000000000001	-1.479	-0.983	-1.308	-0.8738	-1.18	1.676	0.7697	0.8601	1.473	1.72	0.927	-0.9963	0.8737	1.264	1.72	-1.0190000000000001	-2.06	1.4569999999999999	-2.241	-1.025	1.855	1.02	1.413	1.021	1.879	0.8503
f__Planococcaceae	-0.307	0.1718	0.1718	0.1718	0.1718	-0.1749	0.1718	0.1718	0.1718	0.1718	-0.1767	0.1718	0.1718	0.1718	-0.3164	0.1718	0.1718	-0.2132	0.1559	0.2275	0.1726	-0.2199	-0.1821	0.1526	0.1332	-0.10099999999999999	0.2591	-0.09846	-0.1779	-0.1869	-0.5193	-0.1088	-0.5193	0.309	-0.1604	0.1198	0.2436	-0.1754	0.2187	-0.1749	0.1528	-0.1613	-0.2917	0.1629	-0.1332	-0.1465	-0.2689	-0.2631	0.354	-0.1601	0.111	-0.2696	-0.5193	-0.1656	0.1877	-0.2653	0.1946	0.2118	-0.2634	-0.2573	-0.1141	-0.1616	0.223	-0.2148	-0.1785	-0.2698	-0.1945	-0.2697	-0.1618	-0.2043	0.3065	0.1938	0.2054	0.315	0.3025	0.2191	-0.142	0.1623	0.3055	0.3025	-0.2311	-0.2729	0.3447	-0.5193	-0.1964	0.3452	0.1602	0.2203	0.1139	0.3214	0.2126
f__Coriobacteriaceae	-2.052	1.663	1.663	1.663	1.663	-1.854	1.663	1.663	1.663	1.663	-2.048	1.663	1.663	1.663	-2.739	1.663	1.663	-1.5219999999999998	1.778	2.484	1.797	-1.587	-1.7480000000000002	2.061	2.019	-1.665	2.45	-1.97	-2.5989999999999998	-1.68	-4.085	-1.598	-4.085	2.76	-1.729	1.6159999999999999	1.905	-2.76	2.066	-2.174	1.6130000000000002	-1.9080000000000001	-2.2569999999999997	1.485	-1.589	-1.825	-2.57	-2.594	3.227	-2.279	1.548	-3.298	-4.085	-1.5719999999999998	1.936	-2.565	1.984	1.9909999999999999	-2.4	-3.423	-2.218	-2.151	1.829	-2.033	-2.076	-2.1390000000000002	-2.209	-2.447	-1.8319999999999999	-1.7269999999999999	2.6039999999999996	1.415	1.368	2.997	2.7489999999999997	1.63	-1.617	1.464	2.52	2.7489999999999997	-2.032	-2.7089999999999996	2.6069999999999998	-4.085	-1.646	2.667	1.787	2.559	1.643	3.278	1.8459999999999999
f__Verrucomicrobiaceae	-0.3869	0.2263	0.2263	0.2263	0.2263	-0.2525	0.2263	0.2263	0.2263	0.2263	-0.293	0.2263	0.2263	0.2263	-0.3474	0.2263	0.2263	-0.221	0.2391	0.3143	0.3283	-0.2181	-0.2808	0.306	0.2907	-0.2675	0.4391	-0.2048	-0.3784	-0.3335	-0.6565	-0.2758	-0.6565	0.4029	-0.3363	0.228	0.2616	-0.3949	0.3361	-0.3891	0.2518	-0.3818	-0.4216	0.2249	-0.2208	-0.2133	-0.5253	-0.355	0.4586	-0.33899999999999997	0.2089	-0.41100000000000003	-0.6565	-0.2685	0.3235	-0.4156	0.3863	0.2336	-0.4632	-0.5277	-0.2391	-0.3159	0.265	-0.342	-0.3231	-0.3612	-0.3737	-0.4522	-0.2374	-0.2446	0.3549	0.2459	0.2808	0.5828	0.467	0.2488	-0.3099	0.2712	0.4223	0.467	-0.4143	-0.4022	0.5472	-0.6565	-0.2817	0.4473	0.2461	0.4332	0.2637	0.4176	0.3101
f__Pseudomonadaceae	-0.1506	0.2521	0.2521	0.2521	0.2521	-0.1484	0.2521	0.2521	0.2521	0.2521	-0.172	0.2521	0.2521	0.2521	-0.2173	0.2521	0.2521	-0.06601	0.1407	0.1519	0.2768	-0.2117	-0.1514	0.1388	0.1328	-0.1564	0.2667	-0.08002999999999999	-0.196	-0.1636	-0.2472	-0.1466	-0.2472	0.3111	-0.1662	0.09495	0.2	-0.1973	0.1328	-0.1598	0.1304	-0.1907	-0.2054	0.1633	-0.1316	-0.1686	-0.2091	-0.1772	0.4486	-0.02219	0.1511	-0.2087	-0.2472	-0.1675	0.1471	-0.2149	0.1137	0.018330000000000003	-0.1795	-0.2061	-0.1709	-0.03784	0.1478	-0.1429	-0.04743	-0.1875	-0.05156	-0.1792	-0.1359	-0.1631	0.2315	0.2041	0.2226	0.4332	0.3376	0.2285	0.007835	0.2312	0.2195	0.3376	-0.1641	-0.2003	0.4446	-0.2472	-0.1683	0.4448	0.03625	0.2254	0.003956	0.1109	0.2797
f__[Odoribacteraceae]	-0.2151	0.07201	0.07201	0.07201	0.07201	-0.1309	0.07201	0.07201	0.07201	0.07201	-0.0409	0.07201	0.07201	0.07201	-0.2133	0.07201	0.07201	-0.02653	0.1068	0.2102	-0.0004352	-0.06573999999999999	0.00656	0.05685	0.02781	0.026119999999999997	0.08105	-0.1191	-0.1796	-0.06249	-0.3862	0.02939	-0.3862	0.1793	-0.003764	0.04061	0.1259	-0.1817	0.1217	-0.1094	0.06143	0.0197	-0.08346	0.02453	-0.02513	-0.02026	-0.043089999999999996	-0.2604	0.1255	-0.1182	-0.011909999999999999	-0.1862	-0.3862	-0.07215	0.08076	-0.01602	0.1241	0.1286	-0.2009	-0.2066	-0.07365	-0.1505	0.06055	-0.1953	-0.1475	-0.1738	-0.1458	-0.17300000000000001	-0.1863	-0.05028	0.2917	0.05338	-0.030539999999999998	0.008647	0.1796	0.06444	-0.08155	0.08026	0.2242	0.1796	-0.1578	-0.1494	0.3213	-0.3862	-0.08834	0.03215	0.1039	0.034319999999999996	0.1246	0.12300000000000001	0.1608
f__Leuconostocaceae	-1.1420000000000001	0.6965	0.6965	0.6965	0.6965	-0.9209999999999999	0.6965	0.6965	0.6965	0.6965	-1.196	0.6965	0.6965	0.6965	-1.392	0.6965	0.6965	-0.7456	0.8548	1.075	0.8471	-0.879	-0.7944	0.8688	0.95	-0.9151	1.1740000000000002	-0.884	-1.207	-0.6409999999999999	-1.76	-0.8432	-1.76	1.34	-0.7996	0.8325	0.9	-1.1740000000000002	0.8557	-0.8946	0.6976	-1.06	-1.4	0.7086	-0.7491	-0.9845	-1.0290000000000001	-1.239	1.528	-1.138	0.7534	-1.544	-1.76	-0.6859999999999999	0.8351	-1.4869999999999999	0.9659	1.111	-1.042	-1.246	-0.9155	-0.9694	0.8107	-0.8529	-0.8985	-0.9653	-1.02	-0.9639	-0.6388	-0.8599	1.212	0.7291	0.6779999999999999	1.13	1.3430000000000002	0.9244	-0.6114	0.6	1.327	1.3430000000000002	-0.9113	-1.485	1.103	-1.76	-0.8516	1.238	0.8969	1.131	0.7381	1.381	0.8287
f__Veillonellaceae	-0.9345	1.048	1.048	1.048	1.048	-0.9520000000000001	1.048	1.048	1.048	1.048	-1.318	1.048	1.048	1.048	-1.508	1.048	1.048	-0.9237	1.32	1.181	1.246	-1.239	-1.094	1.3319999999999999	1.327	-1.013	1.744	-1.146	-1.3530000000000002	-1.262	-1.9780000000000002	-1.256	-1.9780000000000002	1.847	-1.391	1.113	1.077	-1.525	1.485	-1.236	1.275	-1.3769999999999998	-1.895	1.054	-0.8998	-1.2009999999999998	-2.045	-1.178	2.662	-1.2570000000000001	0.9624	-1.682	-1.9780000000000002	-1.057	1.075	-2.134	1.193	1.072	-1.393	-1.97	-1.089	-1.045	1.226	-1.158	-1.129	-1.2790000000000001	-1.11	-1.5919999999999999	-1.0490000000000002	-1.3659999999999999	1.321	1.0959999999999999	1.214	1.923	2.101	1.237	-1.189	1.156	1.56	2.101	-1.328	-1.74	2.012	-1.9780000000000002	-1.1059999999999999	2.17	1.3019999999999998	1.425	1.053	1.7280000000000002	1.405
f__Sphingomonadaceae	-0.1461	0.1347	0.1347	0.1347	0.1347	-0.08651	0.1347	0.1347	0.1347	0.1347	-0.1579	0.1347	0.1347	0.1347	-0.1147	0.1347	0.1347	-0.1183	0.1278	0.1489	0.1971	-0.1067	-0.09007000000000001	0.135	0.1308	-0.08497	0.1304	-0.1497	-0.09308	-0.1426	-0.2483	-0.1328	-0.2483	0.1547	-0.1498	0.1352	0.1173	-0.09426	0.1321	-0.1465	0.121	-0.1746	-0.09404	0.06415	-0.08064	-0.05414	-0.1982	-0.09679	0.1755	-0.1514	0.09071	-0.2022	-0.2483	-0.1382	0.09477999999999999	-0.2102	0.1318	0.1313	-0.175	-0.1992	-0.1472	-0.1384	0.08475	-0.1287	-0.1388	-0.1638	-0.09921	-0.1706	-0.1198	-0.1424	0.1074	0.1136	0.121	0.1568	0.1509	0.08497	-0.0923	0.125	0.1869	0.1509	-0.1563	-0.1906	0.171	-0.2483	-0.09652000000000001	0.1712	0.1313	0.1124	0.1045	0.1601	0.1064
f__Clostridiaceae	-1.681	1.435	1.435	1.435	1.435	-1.484	1.435	1.435	1.435	1.435	-1.618	1.435	1.435	1.435	-1.7619999999999998	1.435	1.435	-1.168	1.307	1.4509999999999998	1.5759999999999998	-1.021	-1.3869999999999998	1.59	1.449	-1.432	2.426	-1.3969999999999998	-1.3219999999999998	-1.679	-3.353	-1.249	-3.353	2.46	-1.8119999999999998	1.094	1.442	-2.112	1.6269999999999998	-1.801	1.57	-2.135	-2.483	1.178	-1.111	-1.319	-2.6	-1.794	2.296	-1.837	1.126	-2.56	-3.353	-1.4669999999999999	1.715	-2.362	1.9169999999999998	1.4280000000000002	-2.07	-2.991	-1.598	-1.686	1.5319999999999998	-1.47	-1.7380000000000002	-2.09	-1.739	-2.263	-1.393	-1.798	1.954	1.203	1.4969999999999999	2.309	2.205	1.199	-1.5419999999999998	1.433	1.6540000000000001	2.205	-1.7730000000000001	-2.281	2.327	-3.353	-1.412	2.694	1.49	2.068	1.227	2.325	1.403
f__Gemmataceae	-0.2964	0.2145	0.2145	0.2145	0.2145	-0.1567	0.2145	0.2145	0.2145	0.2145	-0.243	0.2145	0.2145	0.2145	-0.2893	0.2145	0.2145	-0.2248	0.2018	0.2316	0.2225	-0.2298	-0.1648	0.2177	0.2062	-0.2713	0.3123	-0.185	-0.245	-0.2241	-0.5114	-0.261	-0.5114	0.3645	-0.2937	0.2078	0.2038	-0.2634	0.2199	-0.2323	0.196	-0.3449	-0.2871	0.2035	-0.1857	-0.2169	-0.3977	-0.2522	0.4029	-0.22899999999999998	0.1606	-0.2732	-0.5114	-0.2209	0.2289	-0.428	0.2798	0.2098	-0.3557	-0.2669	-0.2246	-0.2682	0.2101	-0.2027	-0.275	-0.2487	-0.312	-0.2673	-0.1517	-0.2318	0.2653	0.1872	0.1962	0.3642	0.3523	0.2104	-0.1684	0.2004	0.2725	0.3523	-0.3145	-0.2701	0.3932	-0.5114	-0.1718	0.3937	0.2106	0.27899999999999997	0.1785	0.3721	0.251
f__Rhizobiaceae	-0.1449	0.1462	0.1462	0.1462	0.1462	-0.1192	0.1462	0.1462	0.1462	0.1462	-0.1869	0.1462	0.1462	0.1462	-0.11900000000000001	0.1462	0.1462	-0.09937	0.2216	0.18	0.2606	-0.1207	-0.1526	0.1878	0.2169	-0.1489	0.1114	-0.1814	-0.1425	-0.1929	-0.2984	-0.152	-0.2984	0.2618	-0.1478	0.1366	0.1828	-0.1327	0.05919	-0.1504	0.107	-0.1827	-0.2028	0.1007	-0.1604	-0.1138	-0.2093	-0.1895	0.3272	-0.04257	0.146	-0.2805	-0.2984	-0.1539	0.1173	-0.1909	0.1006	0.04181	-0.1384	-0.2786	-0.1645	-0.05697000000000001	0.24	-0.1093	-0.08800000000000001	-0.2364	-0.09965	-0.2083	-0.0502	-0.1463	0.1156	0.1538	0.1683	0.205	0.3351	0.1545	-0.06741	0.1179	0.146	0.3351	-0.09605	-0.1457	0.221	-0.2984	-0.1994	0.2211	0.1978	0.1964	-0.01293	0.058820000000000004	0.1716
f__Bacillaceae	0.02178	0.05619	0.05619	0.05619	0.05619	-0.09838999999999999	0.05619	0.05619	0.05619	0.05619	-0.1511	0.05619	0.05619	0.05619	-0.023190000000000002	0.05619	0.05619	-0.05511	0.2734	0.1122	0.1281	-0.08709	-0.113	0.2522	0.2993	-0.1182	0.1583	-0.3015	-0.1241	-0.03701	-0.1965	-0.1387	-0.1965	0.1246	-0.062220000000000004	0.1379	0.163	-0.1519	0.08349	0.00126	0.1672	-0.2805	0.047080000000000004	-0.04743	-0.1546	-0.01949	-0.1439	-0.1688	0.06344	-0.3004	0.18	-0.19899999999999998	-0.1965	-0.1889	0.055889999999999995	-0.3037	0.09685	0.1333	0.007709000000000001	-0.33299999999999996	-0.3153	-0.1333	0.2015	-0.2335	-0.07835	-0.2118	0.007495999999999999	-0.2027	-0.0007329	-0.1451	0.1961	0.04633	-0.052079999999999994	-0.0669	0.28300000000000003	0.06545	-0.1288	-0.01568	0.07611	0.28300000000000003	0.004325	-0.2773	0.04231	-0.1965	-0.1485	-0.04351	0.2074	0.07356	0.0702	0.1479	0.01146
f__Xanthomonadaceae	-1.268	1.202	1.202	1.202	1.202	-0.9217	1.202	1.202	1.202	1.202	-1.383	1.202	1.202	1.202	-1.466	1.202	1.202	-0.919	1.068	1.361	1.28	-1.099	-1.031	1.228	1.199	-1.137	1.561	-1.137	-1.3359999999999999	-1.2009999999999998	-2.305	-1.067	-2.305	1.8090000000000002	-1.295	0.948	1.155	-1.464	1.218	-1.232	1.028	-1.526	-1.554	0.9166	-0.9022	-1.001	-1.7719999999999998	-1.29	2.016	-1.205	0.9114	-1.835	-2.305	-1.115	1.13	-1.919	1.274	1.148	-1.594	-1.6880000000000002	-1.18	-1.131	1.054	-1.069	-1.18	-1.325	-1.2429999999999999	-1.531	-0.9843	-1.165	1.345	1.044	1.064	1.8419999999999999	1.755	1.123	-0.9688	1.0759999999999998	1.476	1.755	-1.403	-1.71	1.9709999999999999	-2.305	-1.042	1.973	1.12	1.411	0.9829	1.757	1.271
f__Rs-045	-0.1442	0.1331	0.1331	0.1331	0.1331	-0.08497	0.1331	0.1331	0.1331	0.1331	-0.156	0.1331	0.1331	0.1331	-0.1121	0.1331	0.1331	-0.11699999999999999	0.1263	0.1469	0.1957	-0.105	-0.08847000000000001	0.1332	0.129	-0.08308	0.1278	-0.1481	-0.09083	-0.141	-0.2449	-0.1312	-0.2449	0.1517	-0.1481	0.134	0.1156	-0.0917	0.1303	-0.1447	0.1195	-0.1725	-0.09104	0.06258999999999999	-0.07917	-0.05227999999999999	-0.1956	-0.09449	0.1723	-0.1496	0.08934	-0.1995	-0.2449	-0.1368	0.09287000000000001	-0.2074	0.1299	0.1296	-0.1726	-0.1966	-0.1456	-0.1368	0.08294	-0.1272	-0.1371	-0.1619	-0.09709	-0.1684	-0.1185	-0.1408	0.1052	0.1121	0.1195	0.1539	0.1481	0.08316	-0.09072000000000001	0.1235	0.1849	0.1481	-0.1543	-0.1881	0.1679	-0.2449	-0.09487000000000001	0.1681	0.1297	0.11	0.1029	0.1571	0.1044
f__Micrococcaceae	-0.8708	0.7933	0.7933	0.7933	0.7933	-0.5191	0.7933	0.7933	0.7933	0.7933	-0.9514	0.7933	0.7933	0.7933	-1.022	0.7933	0.7933	-0.6172	0.7315	0.8718	0.8522	-0.765	-0.62	0.7502	0.7062	-0.7561	1.0	-0.7291	-0.888	-0.7395	-1.466	-0.6757	-1.466	1.18	-0.9508	0.5732	0.7226	-0.9232	0.8111	-0.6981	0.6728	-0.9457	-0.9025	0.6062	-0.5357	-0.6574	-1.209	-0.8165	1.379	-0.7632	0.535	-1.115	-1.466	-0.7807	0.7055	-1.368	0.8242	0.7373	-1.048	-0.8651	-0.7636	-0.7613	0.6419	-0.6478	-0.7387	-0.8122	-0.8172	-0.8889	-0.5766	-0.7366	0.9239	0.7025	0.7037	1.266	1.166	0.7569	-0.552	0.698	1.045	1.166	-1.028	-1.151	1.348	-1.466	-0.6223	1.35	0.6641	0.8659	0.6099	1.117	0.8442
f__Bifidobacteriaceae	-0.4833	0.6146	0.6146	0.6146	0.6146	-0.4449	0.6146	0.6146	0.6146	0.6146	-0.4393	0.6146	0.6146	0.6146	-0.7663	0.6146	0.6146	-0.4545	0.4097	0.9404	0.4597	-0.4762	-0.4031	0.5597	0.5331	-0.3241	0.5631	-0.6035	-0.5814	-0.5288	-0.8444	-0.5245	-0.8444	0.6532	-0.5344	0.2057	0.5952	-0.6512	0.5874	-0.4678	0.4342	-0.4031	-0.8266	0.4336	-0.3942	-0.4912	-0.7759	-0.5689	0.8273	-0.5336	0.5477	-0.8708	-0.8444	-0.3418	0.5655	-0.8763	0.5837	0.6438	-0.6734	-0.6729999999999999	-0.6182	-0.4206	0.5528	-0.2908	-0.5026	-0.6088	-0.5384	-0.6027	-0.5694	-0.5096	0.5494	0.4437	0.32	0.693	0.7567	0.3133	-0.5278	0.4297	0.4213	0.7567	-0.5962	-0.9108	0.7788	-0.8444	-0.4425	0.6319	0.4932	0.8792	0.5454	1.1420000000000001	0.5324
f__Caulobacteraceae	-0.4341	0.3497	0.3497	0.3497	0.3497	-0.2508	0.3497	0.3497	0.3497	0.3497	-0.4044	0.3497	0.3497	0.3497	-0.4086	0.3497	0.3497	-0.3052	0.3308	0.3868	0.4186	-0.33299999999999996	-0.2949	0.3565	0.3422	-0.3033	0.4446	-0.3796	-0.3438	-0.3659	-0.747	-0.3846	-0.747	0.5203	-0.3787	0.3074	0.3248	-0.3665	0.396	-0.3806	0.3535	-0.5077	-0.4786	0.2647	-0.2378	-0.2713	-0.5837	-0.3545	0.5777	-0.3841	0.2811	-0.6005	-0.747	-0.3245	0.3254	-0.6265	0.4065	0.3451	-0.5208	-0.5913	-0.326	-0.3962	0.2975	-0.3323	-0.4046	-0.4136	-0.348	-0.5034	-0.311	-0.3719	0.3759	0.3339	0.3537	0.5211	0.5037	0.298	-0.3289	0.3611	0.5274	0.5037	-0.4614	-0.4721	0.5636	-0.747	-0.3467	0.5642	0.3839	0.395	0.3232	0.5323	0.3986
f__Methanobacteriaceae	-0.1778	0.07434	0.07434	0.07434	0.07434	-0.1669	0.07434	0.07434	0.07434	0.07434	-0.19899999999999998	0.07434	0.07434	0.07434	-0.2474	0.07434	0.07434	-0.1569	0.0639	0.18	0.183	-0.1183	-0.1708	0.1639	0.1576	-0.179	0.2961	-0.2012	-0.222	-0.1859	-0.2955	-0.1688	-0.2955	0.1449	-0.1911	0.1893	0.1351	-0.2272	0.259	-0.1848	0.06351	-0.2204	-0.2406	0.1123	-0.1496	-0.1003	-0.2447	-0.2048	0.1735	-0.1918	0.1675	-0.2461	-0.2955	-0.1124	0.258	-0.2544	0.2813	0.1599	-0.2122	-0.2429	-0.1934	-0.1791	0.1698	-0.1642	-0.1743	-0.2132	-0.2141	-0.2101	-0.155	-0.1854	0.2571	0.1407	0.0636	0.1514	0.3682	0.1589	-0.1719	0.07146	0.2475	0.3682	-0.1924	-0.2347	0.1685	-0.2955	-0.09997	0.1687	0.1641	0.2533	0.11800000000000001	0.428	0.09959
f__Erysipelotrichaceae	-1.811	1.36	1.36	1.36	1.36	-1.755	1.36	1.36	1.36	1.36	-2.1	1.36	1.36	1.36	-2.62	1.36	1.36	-1.3559999999999999	1.62	1.864	1.495	-1.39	-1.382	1.7469999999999999	1.901	-1.554	2.244	-1.736	-2.306	-1.68	-3.427	-1.125	-3.427	2.9010000000000002	-1.484	1.245	1.6030000000000002	-2.638	1.7269999999999999	-1.67	1.581	-1.607	-2.476	1.2	-1.3719999999999999	-1.56	-1.597	-2.244	2.947	-1.8780000000000001	1.253	-3.093	-3.427	-1.367	1.609	-2.025	1.379	1.531	-1.9080000000000001	-2.572	-1.7380000000000002	-1.709	1.581	-1.5430000000000001	-1.764	-2.046	-1.973	-2.103	-1.784	-1.383	2.551	1.149	1.151	2.0669999999999997	2.8310000000000004	1.6119999999999999	-1.208	1.004	2.167	2.8310000000000004	-1.518	-2.647	2.575	-3.427	-1.548	2.322	1.594	2.088	1.393	2.3080000000000003	1.767
f__Ruminococcaceae	-1.591	1.514	1.514	1.514	1.514	-2.101	1.514	1.514	1.514	1.514	-1.383	1.514	1.514	1.514	-2.42	1.514	1.514	-0.946	1.492	2.228	1.871	-1.001	-1.237	1.053	0.7215	-0.6059	2.358	-1.5730000000000002	-1.641	-1.5419999999999998	-3.364	-0.7781	-3.364	2.0140000000000002	-1.284	0.7738	1.5730000000000002	-1.893	1.895	-1.681	1.3030000000000002	-0.5397	-1.475	1.347	-1.165	-1.337	-1.869	-2.293	2.6519999999999997	-1.449	0.9094	-2.488	-3.364	-1.432	1.699	-0.6418	1.59	1.385	-2.162	-3.74	-2.013	-1.386	1.484	-2.198	-1.068	-1.666	-0.8729	-1.527	-1.8840000000000001	-1.672	3.097	1.097	1.143	1.834	2.755	1.149	-1.091	1.432	1.885	2.755	-0.6351	-2.32	3.0210000000000004	-3.364	-1.5859999999999999	2.068	1.177	2.414	0.9347	2.1719999999999997	1.595
f__[Tissierellaceae]	-0.9875	0.9857	0.9857	0.9857	0.9857	-0.7081	0.9857	0.9857	0.9857	0.9857	-1.173	0.9857	0.9857	0.9857	-1.206	0.9857	0.9857	-0.7547	0.8405	1.157	0.9259999999999999	-0.8988	-0.9068	1.043	1.0190000000000001	-1.011	1.276	-0.9299	-1.197	-1.0170000000000001	-1.959	-0.7759999999999999	-1.959	1.48	-1.097	0.7263	0.9547	-1.315	1.035	-0.9705	0.8145	-1.294	-1.271	0.7862	-0.7476	-0.8629	-1.504	-1.063	1.62	-0.977	0.7543	-1.558	-1.959	-0.9421	0.9385	-1.63	1.087	1.012	-1.354	-1.256	-0.9242	-0.9964	0.8701	-0.8416	-1.034	-1.034	-1.1520000000000001	-1.2990000000000002	-0.7813	-0.9306	1.097	0.8593	0.8152	1.4709999999999999	1.426	0.9611	-0.9033	0.8247	1.14	1.426	-1.1909999999999998	-1.4509999999999998	1.5819999999999999	-1.959	-0.8604	1.5830000000000002	0.9834	1.156	0.8665	1.5030000000000001	1.02
f__Actinomycetaceae	-0.5517	0.5249	0.5249	0.5249	0.5249	-0.2904	0.5249	0.5249	0.5249	0.5249	-0.6231	0.5249	0.5249	0.5249	-0.5559	0.5249	0.5249	-0.4662	0.4751	0.5109	0.4818	-0.4396	-0.3438	0.4431	0.5005	-0.574	0.5903	-0.5443	-0.6026	-0.4487	-0.9214	-0.3783	-0.9214	0.7040000000000001	-0.5457	0.4049	0.4284	-0.6886	0.4848	-0.4198	0.3998	-0.6853	-0.4681	0.3238	-0.3078	-0.389	-0.6131	-0.5099	0.8034	-0.5359	0.3554	-0.8347	-0.9214	-0.4932	0.4124	-0.9436	0.4726	0.5245	-0.5028	-0.46	-0.5613	-0.5219	0.3833	-0.3437	-0.5017	-0.5457	-0.5505	-0.6185	-0.33899999999999997	-0.461	0.4914	0.46299999999999997	0.4	0.7183	0.6693	0.462	-0.3314	0.4196	0.6946	0.6693	-0.685	-0.7213	0.7805	-0.9214	-0.38	0.7815	0.4085	0.5583	0.3982	0.716	0.4632
f__Synergistaceae	-0.1316	0.07745	0.07745	0.07745	0.07745	-0.1135	0.07745	0.07745	0.07745	0.07745	-0.1425	0.07745	0.07745	0.07745	-0.1722	0.07745	0.07745	-0.107	0.1598	0.1341	0.129	-0.09564	-0.1169	0.1216	0.1177	-0.07516	0.1965	-0.0924	-0.1529	-0.1289	-0.2234	-0.1199	-0.2234	0.1639	-0.1353	0.1227	0.1053	-0.1614	0.1188	-0.1322	0.1091	-0.07694	-0.1759	0.1178	-0.1038	-0.1263	-0.1786	-0.1463	0.2953	-0.1367	0.08139	-0.1821	-0.2234	-0.09147000000000001	0.08417999999999999	-0.1893	0.1183	0.1183	-0.1575	-0.1795	-0.08177999999999999	-0.125	0.12	-0.1162	-0.1252	-0.0878	-0.1474	-0.1537	-0.1083	-0.1287	0.1707	0.06629	0.06938	0.1397	0.2358	0.1549	-0.1172	0.07301	0.1691	0.2358	-0.1409	-0.1717	0.1525	-0.2234	-0.1261	0.1527	0.1638	0.172	0.09374	0.1426	0.1401
f__Sphingobacteriaceae	-0.1059	0.1445	0.1445	0.1445	0.1445	-0.0946	0.1445	0.1445	0.1445	0.1445	-0.1162	0.1445	0.1445	0.1445	-0.1421	0.1445	0.1445	-0.05708	0.09436	0.1076	0.1571	-0.1255	-0.09719	0.09775	0.09437999999999999	-0.1034	0.1655	-0.0698	-0.1268	-0.1066	-0.1782	-0.09813	-0.1782	0.1924	-0.1109	0.07051	0.122	-0.1321	0.09505	-0.1079	0.08878	-0.1286	-0.1423	0.0998	-0.08577	-0.1059	-0.1445	-0.1195	0.2572	-0.048780000000000004	0.09356	-0.1466	-0.1782	-0.105	0.1004	-0.152	0.08926	0.043989999999999994	-0.1266	-0.1445	-0.1104	-0.05101	0.09844	-0.09526	-0.056979999999999996	-0.1223	-0.06207000000000001	-0.1243	-0.08924	-0.1064	0.1437	0.1195	0.1291	0.2451	0.2017	0.1337	-0.027410000000000004	0.1329	0.1407	0.2017	-0.1139	-0.1389	0.254	-0.1782	-0.1057	0.2542	0.05041	0.1435	0.03335	0.1055	0.1612
f__S24-7	-0.1029	0.04905	0.04905	0.04905	0.04905	-0.09389	0.04905	0.04905	0.04905	0.04905	-0.1139	0.04905	0.04905	0.04905	-0.1403	0.04905	0.04905	-0.08835	0.1419	0.1044	0.1042	-0.07065	-0.0963	0.09493	0.09149	-0.0457	0.1653	-0.06507	-0.1254	-0.1053	-0.1723	-0.09634	-0.1723	0.121	-0.1089	0.1049	0.07964	-0.1297	0.092	-0.1057	0.08685	-0.036739999999999995	-0.1387	0.1	-0.0847	-0.1054	-0.1409	-0.1171	0.2617	-0.1096	0.06067	-0.1424	-0.1723	-0.06726	0.054560000000000004	-0.1475	0.0887	0.09252	-0.1229	-0.1405	-0.05235	-0.1016	0.09676	-0.0936	-0.09986	-0.054020000000000006	-0.1209	-0.1211	-0.08797999999999999	-0.105	0.1435	0.04097	0.0428	0.09505	0.2032	0.1354	-0.0968	0.04676	0.1394	0.2032	-0.1109	-0.1353	0.105	-0.1723	-0.1053	0.1051	0.1444	0.1424	0.07	0.09693	0.1135
f__Rikenellaceae	-0.9375	0.4492	0.4492	0.4492	0.4492	-0.8191	0.4492	0.4492	0.4492	0.4492	-0.2068	0.4492	0.4492	0.4492	-0.6847	0.4492	0.4492	-0.3198	0.478	0.9490000000000001	0.5099	-0.1891	-0.3674	0.5701	0.4619	-0.222	0.9621	-0.4645	-0.5345	-0.5712	-1.564	-0.2571	-1.564	0.8622	-0.26	0.4001	0.6697	-0.722	0.4816	-0.9416	0.3261	-0.5221	-0.6579	0.3801	-0.3795	-0.4594	-0.3067	-1.281	1.062	-0.5509	0.4132	-0.763	-1.564	-0.5082	0.6301	-0.2961	0.6904	0.7525	-0.8378	-1.0270000000000001	-0.6889	-0.3258	0.4734	-0.7587	-0.4876	-0.777	-0.5856	-0.9748	-0.7117	-0.5384	1.2109999999999999	0.4984	0.3159	0.9223	0.9814	0.4936	-0.2812	0.5208	0.674	0.9814	-0.6416	-0.6151	1.0090000000000001	-1.564	-0.2979	0.9306	0.4748	0.754	0.5414	0.8502	0.7443
f__Methylophilaceae	-0.135	0.162	0.162	0.162	0.162	-0.114	0.162	0.162	0.162	0.162	-0.145	0.162	0.162	0.162	-0.174	0.162	0.162	-0.08001	0.1172	0.1378	0.175	-0.1442	-0.1177	0.1248	0.121	-0.1274	0.1962	-0.09819	-0.1542	-0.1301	-0.2303	-0.1218	-0.2303	0.2276	-0.1373	0.09245	0.14300000000000002	-0.16399999999999998	0.1224	-0.1346	0.1112	-0.1603	-0.18	0.1171	-0.1048	-0.1265	-0.1826	-0.1489	0.2885	-0.08467999999999999	0.1107	-0.1868	-0.2303	-0.1253	0.126	-0.1944	0.1201	0.07718	-0.1618	-0.1841	-0.1342	-0.08158	0.1218	-0.1179	-0.08868	-0.1495	-0.09664	-0.1573	-0.1095	-0.13	0.1704	0.1361	0.146	0.2722	0.2331	0.1522	-0.057260000000000005	0.1494	0.1701	0.2331	-0.1442	-0.1758	0.2843	-0.2303	-0.1262	0.2844	0.08117	0.1727	0.06324	0.1532	0.1814
f__Geodermatophilaceae	-0.1447	0.1845	0.1845	0.1845	0.1845	-0.09658	0.1845	0.1845	0.1845	0.1845	-0.2177	0.1845	0.1845	0.1845	-0.18899999999999997	0.1845	0.1845	-0.1275	0.1319	0.2097	0.1455	-0.1564	-0.1735	0.1896	0.1844	-0.1899	0.2067	-0.1567	-0.228	-0.1929	-0.3523	-0.0954	-0.3523	0.2422	-0.2052	0.1096	0.16899999999999998	-0.2454	0.1868	-0.1515	0.1283	-0.2405	-0.1797	0.1395	-0.1242	-0.146	-0.276	-0.1635	0.2696	-0.1472	0.1321	-0.2837	-0.3523	-0.1832	0.1512	-0.2958	0.1912	0.1843	-0.24600000000000002	-0.1592	-0.14800000000000002	-0.1881	0.1379	-0.1328	-0.1916	-0.1627	-0.2196	-0.23800000000000002	-0.1275	-0.1551	0.1742	0.158	0.1284	0.2429	0.2347	0.1771	-0.1734	0.1321	0.1775	0.2347	-0.2181	-0.2659	0.263	-0.3523	-0.1456	0.2633	0.1817	0.183	0.1519	0.2481	0.1668
f__Xenococcaceae	-0.06301	0.1248	0.1248	0.1248	0.1248	-0.03404	0.1248	0.1248	0.1248	0.1248	-0.1458	0.1248	0.1248	0.1248	-0.09597	0.1248	0.1248	-0.0743	0.06707	0.1361	0.07425	-0.0955	-0.1208	0.1235	0.1194	-0.1292	0.1118	-0.09097000000000001	-0.1578	-0.1328	-0.226	-0.02111	-0.226	0.1335	-0.1388	0.05127999999999999	0.1059	-0.1654	0.1204	-0.07629	0.06576	-0.1613	-0.07081	0.08771	-0.0703	-0.08536	-0.182	-0.07973	0.1532	-0.0685	0.0815	-0.1851	-0.226	-0.13	0.08095	-0.1921	0.1187	0.1202	-0.16	-0.041639999999999996	-0.07837000000000001	-0.1287	0.07152	-0.06831	-0.128	-0.08325	-0.1521	-0.1566	-0.0699	-0.08841	0.09084	0.1044	0.06583	0.1362	0.1308	0.1175	-0.1212	0.06998	0.08897999999999999	0.1308	-0.1435	-0.1749	0.1492	-0.226	-0.08509	0.1493	0.121	0.09485	0.09392	0.139	0.09187000000000001
f__Lactobacillaceae	-2.241	2.089	2.089	2.089	2.089	-1.7380000000000002	2.089	2.089	2.089	2.089	-2.501	2.089	2.089	2.089	-2.426	2.089	2.089	-1.744	1.8219999999999998	2.56	2.2840000000000003	-1.755	-1.761	2.319	2.266	-2.052	2.6889999999999996	-2.082	-2.265	-2.164	-3.795	-1.9180000000000001	-3.795	2.932	-2.34	1.9080000000000001	2.017	-2.358	2.0469999999999997	-2.4330000000000003	1.743	-2.739	-2.713	1.472	-1.5630000000000002	-1.7309999999999999	-3.181	-2.221	3.3089999999999997	-2.3409999999999997	1.722	-3.1910000000000003	-3.795	-1.9480000000000002	1.973	-3.464	2.403	2.205	-2.6860000000000004	-2.975	-2.3209999999999997	-1.992	1.903	-1.882	-2.066	-2.5610000000000004	-2.176	-2.813	-1.7930000000000001	-2.162	2.061	1.8330000000000002	1.8659999999999999	2.892	2.9939999999999998	1.834	-1.7209999999999999	1.922	2.281	2.9939999999999998	-2.4859999999999998	-3.052	2.8739999999999997	-3.795	-1.604	3.1210000000000004	2.072	2.369	1.7630000000000001	3.307	1.926
